	variant	num_mutations	score
11081	E140V,Q175L	2	0.3000077
17183	S26R,I126T,I169T	3	0.1655087
25526	D153G,G226W,T228A	3	0.1007112
21344	H75Y,P190S,T228A	3	0.0343108
746	K164E	1	0.0218573
35934	E3G,T60P,N103S,H179Y,S203T	5	0.0106702
12457	V161A,S200N	2	0.0084913
8975	K105E,I227T	2	0.0081172
22477	V91I,L193Q,H229P	3	-0.0046132
14378	E4G,Y37C,F97S	3	-0.0054882
40416	L58H,Y104F,I134V,L139Q,Y149N	5	-0.0253094
1796	F6L,N196Y	2	-0.0554992
24630	E130G,N144D,Q155R	3	-0.09042
8308	F97L,K212R	2	-0.1032028
23929	T116S,N147S,V148A	3	-0.113375
15797	E15V,S70G,N103S	3	-0.1282977
35499	K164R,F221L,I227T,D232G	4	-0.1456726
4844	I45F,E88G	2	-0.1769215
21072	R71H,K138M,N162D	3	-0.1884933
30104	T36N,K77E,Q155L,G226R	4	-0.1905525
43476	I12T,T60A,S70G,A85V,N119S,M231V	6	-0.1923066
30366	K39R,T60A,E109K,D195Y	4	-0.1941783
15830	E15G,N119S,A204T	3	-0.1943008
3260	K24R,S173C	2	-0.2089078
35179	K138M,K160R,K212R,T223A	4	-0.2147149
1785	F6L,L176H	2	-0.2386063
32347	V66E,K99R,D100G,N144S	4	-0.2456399
23210	G102S,I121V,D178G	3	-0.2814531
11044	L139Q,S206N	2	-0.3048332
26201	K1R,E3V,N21S,Y141H	4	-0.3199899
8832	Y104C,E170K	2	-0.3570053
8649	D101G,V174M	2	-0.3579413
34721	N119S,L176P,N196H,V217A	4	-0.3611818
25405	Y149D,K160R,I165N	3	-0.4029599
46551	K105E,E122V,N157D,M216L,T223A,Y235H	6	-0.4256709
26773	E4G,F112L,V148G,A225G	4	-0.4598572
30182	T36A,I169T,T184S,L205Q	4	-0.8837193
970	E211G	1	-1.8363034
42916	F6Y,L13P,K83R,M86T,Q182L,T201A	6	-2.0210998
27647	V10A,F98L,K99R,M151I	4	-2.0934741
44016	V20E,D34E,M86K,E93V,D115N,Y180C	6	-2.1099436
22576	R94C,F97L,N144S	3	-2.1423667
33349	F82S,F112L,Q202P,I227T	4	-2.145739
32723	Y72H,T95S,K99M,K129R	4	-2.1500751
41983	E109G,V110A,K111E,H179Y,Q181R	5	-2.1571879
42648	E3V,T41P,T60S,E109G,I134T,S203P	6	-2.1908249
32693	R71C,V91D,F128S,V191A	4	-2.225915
26608	E3A,Y90H,F98I,N119Y	4	-2.2336028
44353	F25S,S26G,H75L,K111R,S145G,D208G	6	-2.4016994
44556	V27G,K83E,I121V,Y143N,D171G,N196D	6	-2.4037868
42476	K1E,V27A,M76T,F82S,N162D,V174A	6	-2.4156327
29572	S28P,Y37N,H146N,F163S	4	-2.4176704
47535	V14I,S63P,S70G,K105E,G114S,F163P,V174E	7	-2.4180319
5430	V53E,Y149C	2	-2.4181113
48952	F69Y,G102D,E113G,L135P,E140G,N142S,N168I	7	-2.4181142
30606	T41A,Y104C,A108V,E140G	4	-2.4181608
43075	F6S,E93K,T95A,K129R,N142Y,I159N	6	-2.4181775
43141	T7S,F44Y,V59A,F82L,F98L,E233A	6	-2.4181809
33486	M86K,T106A,K129E,K164L	4	-2.4181818
22583	R94C,E170K,F221L	3	-2.418182
37101	L13Q,L42P,F82S,K129R,D214V	5	-2.4181821
47573	E15G,F69S,E109V,T116A,E130G,D188V,K207E	7	-2.4181821
51209	D80N,I126V,F128L,F163L,D171V,M216V,L218M,E220G,V222M	9	-2.4183724
41972	T106A,V191E,K212E,L218Q,I227F	5	-2.4184041
