Unnamed: 0,seq_id,seq_id_legacy,variant,metl-l-1D-GFP-64,metl-l-3D-GFP-64
0,exp_train_5_design,exp_0,"S26R,K164R,Q175L,N196Y,G226W",0.56382596,0.6426228
1,exp_train_5_S26R,exp_0,S26R,0.09233579,-0.04621631
2,exp_train_5_K164R,exp_0,K164R,0.084904075,0.034055844
3,exp_train_5_Q175L,exp_0,Q175L,0.17871143,0.14771721
4,exp_train_5_N196Y,exp_0,N196Y,0.21541634,0.08786287
5,exp_train_5_G226W,exp_0,G226W,0.26683268,0.11130133
6,exp_train_5_design,exp_1,"S26R,I126V,K164R,Q175L,D195Y",0.25517017,0.5096009
7,exp_train_5_S26R,exp_1,S26R,0.09233579,-0.04621631
8,exp_train_5_I126V,exp_1,I126V,-0.056384236,-0.066697
9,exp_train_5_K164R,exp_1,K164R,0.084904075,0.034055844
10,exp_train_5_Q175L,exp_1,Q175L,0.17871143,0.14771721
11,exp_train_5_D195Y,exp_1,D195Y,0.1795374,0.11678601
12,exp_train_5_design,exp_2,"K164R,Q175L,N196Y,A204T,G226R",0.41346383,0.59945273
13,exp_train_5_K164R,exp_2,K164R,0.084904075,0.034055844
14,exp_train_5_Q175L,exp_2,Q175L,0.17871143,0.14771721
15,exp_train_5_N196Y,exp_2,N196Y,0.21541634,0.08786287
16,exp_train_5_A204T,exp_2,A204T,0.04583846,-0.07541314
17,exp_train_5_G226R,exp_2,G226R,0.037978455,-0.013299853
18,exp_train_5_design,exp_3,"S26R,S70G,Q175L,G226W,Y235H",0.5607132,0.61104524
19,exp_train_5_S26R,exp_3,S26R,0.09233579,-0.04621631
20,exp_train_5_S70G,exp_3,S70G,0.10576988,-0.063694194
21,exp_train_5_Q175L,exp_3,Q175L,0.17871143,0.14771721
22,exp_train_5_G226W,exp_3,G226W,0.26683268,0.11130133
23,exp_train_5_Y235H,exp_3,Y235H,-0.06472058,-0.14651233
24,exp_train_5_design,exp_4,"K164R,Q175L,N196Y,G226R,I227F",0.5091044,0.640002
25,exp_train_5_K164R,exp_4,K164R,0.084904075,0.034055844
26,exp_train_5_Q175L,exp_4,Q175L,0.17871143,0.14771721
27,exp_train_5_N196Y,exp_4,N196Y,0.21541634,0.08786287
28,exp_train_5_G226R,exp_4,G226R,0.037978455,-0.013299853
29,exp_train_5_I227F,exp_4,I227F,-0.068016134,-0.1596882
30,exp_reject_5_design,exp_5,"N103I,I150W,V161I,G230K,K236R",0.48120314,0.5318333
31,exp_reject_5_N103I,exp_5,N103I,0.15451589,0.06355128
32,exp_reject_5_I150W,exp_5,I150W,0.1267021,-0.086902045
33,exp_reject_5_V161I,exp_5,V161I,0.006620303,-0.07898047
34,exp_reject_5_G230K,exp_5,G230K,0.1669384,0.011852615
35,exp_reject_5_K236R,exp_5,K236R,0.067722425,-0.045403913
36,exp_reject_5_design,exp_6,"L42V,N162R,L176W,D195C,L219F",0.22566181,0.5204824
37,exp_reject_5_L42V,exp_6,L42V,0.006218076,-0.027779318
38,exp_reject_5_N162R,exp_6,N162R,0.16685554,0.09690696
39,exp_reject_5_L176W,exp_6,L176W,0.16486993,0.040059224
40,exp_reject_5_D195C,exp_6,D195C,0.13042983,0.05737495
41,exp_reject_5_L219F,exp_6,L219F,0.006820187,-0.07350803
42,exp_reject_5_design,exp_7,"D34W,F97Y,L176R,N183V,G230R",0.46304876,0.6523632
43,exp_reject_5_D34W,exp_7,D34W,-0.013103157,-0.029083714
44,exp_reject_5_F97Y,exp_7,F97Y,0.16641566,-0.020108968
45,exp_reject_5_L176R,exp_7,L176R,0.12993528,-0.00301013
46,exp_reject_5_N183V,exp_7,N183V,-0.07120187,-0.09919744
47,exp_reject_5_G230R,exp_7,G230R,0.26137704,0.20306301
48,exp_reject_5_design,exp_8,"I12L,S26T,Q175V,A225R,G226K",0.30071607,0.42609674
49,exp_reject_5_I12L,exp_8,I12L,-0.036863297,-0.10904151
50,exp_reject_5_S26T,exp_8,S26T,0.09092621,-0.04770444
51,exp_reject_5_Q175V,exp_8,Q175V,0.022967473,-0.009693407
52,exp_reject_5_A225R,exp_8,A225R,0.16307111,0.08329846
53,exp_reject_5_G226K,exp_8,G226K,0.06475556,0.012488253
54,exp_reject_5_design,exp_9,"P11R,N103I,V161M,G230W,L234M",0.482468,0.61627126
55,exp_reject_5_P11R,exp_9,P11R,0.10831032,0.01395091
56,exp_reject_5_N103I,exp_9,N103I,0.15451589,0.06355128
57,exp_reject_5_V161M,exp_9,V161M,0.021596521,-0.032090727
58,exp_reject_5_G230W,exp_9,G230W,0.02540207,0.025491435
59,exp_reject_5_L234M,exp_9,L234M,0.057118252,-0.08381657
60,exp_train_10_design,exp_10,"S26R,I121V,I126V,K164R,Q175L,N196Y,S200N,S203T,A225G,G226W",0.4593924,0.8251639
61,exp_train_10_S26R,exp_10,S26R,0.09233579,-0.04621631
62,exp_train_10_I121V,exp_10,I121V,-0.016440742,-0.04506328
63,exp_train_10_I126V,exp_10,I126V,-0.056384213,-0.066696994
64,exp_train_10_K164R,exp_10,K164R,0.084904075,0.03405585
65,exp_train_10_Q175L,exp_10,Q175L,0.17871143,0.14771721
66,exp_train_10_N196Y,exp_10,N196Y,0.21541634,0.08786287
67,exp_train_10_S200N,exp_10,S200N,-0.007843092,-0.09052063
68,exp_train_10_S203T,exp_10,S203T,0.15169021,0.09359087
69,exp_train_10_A225G,exp_10,A225G,0.034366358,-0.090700716
70,exp_train_10_G226W,exp_10,G226W,0.26683268,0.11130133
71,exp_train_10_design,exp_11,"S26R,F97S,N103S,I121V,K164R,Q175L,N196Y,G226R,I227F,Y235H",0.68657535,0.806214
72,exp_train_10_S26R,exp_11,S26R,0.09233579,-0.04621631
73,exp_train_10_F97S,exp_11,F97S,0.07775435,-0.044957712
74,exp_train_10_N103S,exp_11,N103S,0.10801037,0.009931119
75,exp_train_10_I121V,exp_11,I121V,-0.016440742,-0.04506328
76,exp_train_10_K164R,exp_11,K164R,0.084904075,0.034055844
77,exp_train_10_Q175L,exp_11,Q175L,0.17871143,0.14771721
78,exp_train_10_N196Y,exp_11,N196Y,0.21541634,0.08786287
79,exp_train_10_G226R,exp_11,G226R,0.037978455,-0.013299853
80,exp_train_10_I227F,exp_11,I227F,-0.068016134,-0.1596882
81,exp_train_10_Y235H,exp_11,Y235H,-0.06472058,-0.14651233
82,exp_train_10_design,exp_12,"S26R,S70G,D100G,K105E,I126V,Q175L,N196Y,S203T,G226R,Y235H",0.603436,0.8265492
83,exp_train_10_S26R,exp_12,S26R,0.09233579,-0.04621631
84,exp_train_10_S70G,exp_12,S70G,0.10576988,-0.063694194
85,exp_train_10_D100G,exp_12,D100G,-0.013218164,-0.20045078
86,exp_train_10_K105E,exp_12,K105E,0.05717992,-0.06273432
87,exp_train_10_I126V,exp_12,I126V,-0.056384213,-0.066696994
88,exp_train_10_Q175L,exp_12,Q175L,0.17871141,0.14771721
89,exp_train_10_N196Y,exp_12,N196Y,0.21541634,0.08786287
90,exp_train_10_S203T,exp_12,S203T,0.15169021,0.09359087
91,exp_train_10_G226R,exp_12,G226R,0.037978455,-0.013299853
92,exp_train_10_Y235H,exp_12,Y235H,-0.06472058,-0.14651233
93,exp_train_10_design,exp_13,"S26R,K39R,S70G,I126V,Q175L,S200N,S203T,A225G,G226W,I227F",0.55998003,0.7376102
94,exp_train_10_S26R,exp_13,S26R,0.09233579,-0.04621631
95,exp_train_10_K39R,exp_13,K39R,-0.077816695,-0.14296812
96,exp_train_10_S70G,exp_13,S70G,0.10576988,-0.063694194
97,exp_train_10_I126V,exp_13,I126V,-0.056384213,-0.066696994
98,exp_train_10_Q175L,exp_13,Q175L,0.17871143,0.14771721
99,exp_train_10_S200N,exp_13,S200N,-0.007843092,-0.09052063
100,exp_train_10_S203T,exp_13,S203T,0.15169021,0.09359087
101,exp_train_10_A225G,exp_13,A225G,0.034366358,-0.090700716
102,exp_train_10_G226W,exp_13,G226W,0.26683268,0.11130133
103,exp_train_10_I227F,exp_13,I227F,-0.068016134,-0.1596882
104,exp_train_10_design,exp_14,"S26R,K105E,I126T,E140V,K164R,Q175L,N196Y,S203T,G226W,Y235H",0.6922511,0.7866293
105,exp_train_10_S26R,exp_14,S26R,0.09233579,-0.04621631
106,exp_train_10_K105E,exp_14,K105E,0.05717992,-0.06273432
107,exp_train_10_I126T,exp_14,I126T,-0.008553252,-0.06408507
108,exp_train_10_E140V,exp_14,E140V,0.033505827,-0.13701525
109,exp_train_10_K164R,exp_14,K164R,0.084904075,0.034055844
110,exp_train_10_Q175L,exp_14,Q175L,0.17871143,0.14771721
111,exp_train_10_N196Y,exp_14,N196Y,0.21541634,0.08786287
112,exp_train_10_S203T,exp_14,S203T,0.15169021,0.093590885
113,exp_train_10_G226W,exp_14,G226W,0.26683268,0.11130133
114,exp_train_10_Y235H,exp_14,Y235H,-0.06472058,-0.14651233
115,exp_reject_10_design,exp_15,"F97W,V161M,S173E,Q175Y,Q182R,S200M,A204C,L219I,V222L,G230R",0.55312616,0.6943507
116,exp_reject_10_F97W,exp_15,F97W,0.10662983,0.028103117
117,exp_reject_10_V161M,exp_15,V161M,0.021596521,-0.032090727
118,exp_reject_10_S173E,exp_15,S173E,0.044380404,-0.11267946
119,exp_reject_10_Q175Y,exp_15,Q175Y,-0.14365226,-0.033023454
120,exp_reject_10_Q182R,exp_15,Q182R,0.007707216,-0.004142547
121,exp_reject_10_S200M,exp_15,S200M,0.13184746,-0.0167692
122,exp_reject_10_A204C,exp_15,A204C,0.008640185,-0.12078695
123,exp_reject_10_L219I,exp_15,L219I,-0.10783477,-0.13130043
124,exp_reject_10_V222L,exp_15,V222L,-0.20918274,-0.3073129
125,exp_reject_10_G230R,exp_15,G230R,0.26137704,0.20306301
126,exp_reject_10_design,exp_16,"V9I,S28R,F97Y,N103I,L176R,N183V,H197F,L219W,A225W,G230Q",0.66629934,0.82623947
127,exp_reject_10_V9I,exp_16,V9I,0.005858228,-0.12009776
128,exp_reject_10_S28R,exp_16,S28R,0.014049485,-0.05120364
129,exp_reject_10_F97Y,exp_16,F97Y,0.16641566,-0.020108968
130,exp_reject_10_N103I,exp_16,N103I,0.15451589,0.06355128
131,exp_reject_10_L176R,exp_16,L176R,0.12993528,-0.00301013
132,exp_reject_10_N183V,exp_16,N183V,-0.07120187,-0.09919744
133,exp_reject_10_H197F,exp_16,H197F,0.1008721,0.04365956
134,exp_reject_10_L219W,exp_16,L219W,0.019974768,-0.025841035
135,exp_reject_10_A225W,exp_16,A225W,0.08795767,-0.02669111
136,exp_reject_10_G230Q,exp_16,G230Q,0.10020876,-0.026621498
137,exp_reject_10_design,exp_17,"V9R,V91M,E93W,K105R,N162R,T184V,L193M,S203Q,G230M,L234W",0.566442,0.7425016
138,exp_reject_10_V9R,exp_17,V9R,0.019786585,-0.10166323
139,exp_reject_10_V91M,exp_17,V91M,-0.03479384,-0.11937588
140,exp_reject_10_E93W,exp_17,E93W,-0.3036728,-0.29071647
141,exp_reject_10_K105R,exp_17,K105R,0.14309528,0.008835528
142,exp_reject_10_N162R,exp_17,N162R,0.16685554,0.09690696
143,exp_reject_10_T184V,exp_17,T184V,-0.109765686,-0.10787554
144,exp_reject_10_L193M,exp_17,L193M,0.008832663,-0.07186903
145,exp_reject_10_S203Q,exp_17,S203Q,0.18824154,0.040509403
146,exp_reject_10_G230M,exp_17,G230M,0.21169735,0.13408038
147,exp_reject_10_L234W,exp_17,L234W,0.022106305,-0.035954285
148,exp_reject_10_design,exp_18,"D34W,I126E,L139M,E140R,Q175V,L193F,A204W,T228S,G230N,E233Q",0.5740163,0.7281203
149,exp_reject_10_D34W,exp_18,D34W,-0.013103157,-0.029083714
150,exp_reject_10_I126E,exp_18,I126E,0.001639754,-0.06852888
151,exp_reject_10_L139M,exp_18,L139M,0.022963166,-0.14562401
152,exp_reject_10_E140R,exp_18,E140R,0.075009525,-0.013949296
153,exp_reject_10_Q175V,exp_18,Q175V,0.022967473,-0.009693407
154,exp_reject_10_L193F,exp_18,L193F,-0.01649873,-0.07622403
155,exp_reject_10_A204W,exp_18,A204W,0.101286076,-0.024329448
156,exp_reject_10_T228S,exp_18,T228S,0.16907242,0.059059404
157,exp_reject_10_G230N,exp_18,G230N,0.124134004,0.079340085
158,exp_reject_10_E233Q,exp_18,E233Q,-0.054537967,-0.14911115
159,exp_reject_10_design,exp_19,"P11H,E15N,S26E,S28I,I96W,S173K,Q175M,H197F,A225R,G230R",0.47569,0.8810494
160,exp_reject_10_P11H,exp_19,P11H,-0.071303755,-0.117551215
161,exp_reject_10_E15N,exp_19,E15N,-0.077994674,-0.097827174
162,exp_reject_10_S26E,exp_19,S26E,0.024533607,-0.10039577
163,exp_reject_10_S28I,exp_19,S28I,-0.13335912,-0.15013951
164,exp_reject_10_I96W,exp_19,I96W,-0.1399735,-0.1350807
165,exp_reject_10_S173K,exp_19,S173K,0.020159677,-0.13226509
166,exp_reject_10_Q175M,exp_19,Q175M,0.09029928,0.07805264
167,exp_reject_10_H197F,exp_19,H197F,0.1008721,0.04365956
168,exp_reject_10_A225R,exp_19,A225R,0.16307111,0.08329845
169,exp_reject_10_G230R,exp_19,G230R,0.26137704,0.20306301
170,exp_besttrain_2_design,exp_20,"E140V,Q175L",0.18603902,0.1495802
171,exp_besttrain_2_E140V,exp_20,E140V,0.033505827,-0.13701525
172,exp_besttrain_2_Q175L,exp_20,Q175L,0.17871143,0.14771721
174,rev_unobs_5_design,rev_0,"P11H,G49Y,G102M,F112P,I126C",-1.8784447,-1.9585114
175,rev_unobs_5_P11H,rev_0,P11H,-0.07130376,-0.117551215
176,rev_unobs_5_G49Y,rev_0,G49Y,-0.20129193,-0.29800633
177,rev_unobs_5_G102M,rev_0,G102M,-0.4503417,-0.4048735
178,rev_unobs_5_F112P,rev_0,F112P,-1.5560479,-1.3696806
179,rev_unobs_5_I126C,rev_0,I126C,-0.056904748,-0.11061633
180,rev_unobs_5_design,rev_1,"V14L,K39D,C46E,L62K,L193V",-1.3446326,-1.4436965
181,rev_unobs_5_V14L,rev_1,V14L,0.015150428,-0.042523585
182,rev_unobs_5_K39D,rev_1,K39D,-0.27388757,-0.32291552
183,rev_unobs_5_C46E,rev_1,C46E,-0.5754148,-0.4628553
184,rev_unobs_5_L62K,rev_1,L62K,-0.5303271,-0.6648394
185,rev_unobs_5_L193V,rev_1,L193V,-0.09317388,-0.16163199
186,rev_unobs_5_design,rev_2,"L13M,K43D,D100I,R107Q,D232P",-1.0581664,-1.6673951
187,rev_unobs_5_L13M,rev_2,L13M,-0.0507287,-0.18101647
188,rev_unobs_5_K43D,rev_2,K43D,-0.19696763,-0.27139416
189,rev_unobs_5_D100I,rev_2,D100I,-1.0228052,-1.3262286
190,rev_unobs_5_R107Q,rev_2,R107Q,-0.14308992,-0.30324674
191,rev_unobs_5_D232P,rev_2,D232P,-0.017797872,-0.13458979
192,rev_unobs_5_design,rev_3,"I12A,Y90A,D101C,V191Q,K207A",-2.349347,-2.1668925
193,rev_unobs_5_I12A,rev_3,I12A,-0.43523163,-0.47235972
194,rev_unobs_5_Y90A,rev_3,Y90A,-0.92353886,-1.0014745
195,rev_unobs_5_D101C,rev_3,D101C,-0.3358463,-0.31617564
196,rev_unobs_5_V191Q,rev_3,V191Q,-0.7478786,-0.56773317
197,rev_unobs_5_K207A,rev_3,K207A,-0.4133308,-0.45314097
198,rev_unobs_5_design,rev_4,"G2W,Y72L,G125K,K156T,P194E",-2.2854557,-2.1678128
199,rev_unobs_5_G2W,rev_4,G2W,-0.4124621,-0.4735235
200,rev_unobs_5_Y72L,rev_4,Y72L,-0.42155474,-0.57001674
201,rev_unobs_5_G125K,rev_4,G125K,-1.6990952,-1.5045595
202,rev_unobs_5_K156T,rev_4,K156T,-0.32326636,-0.40532827
203,rev_unobs_5_P194E,rev_4,P194E,-0.7313529,-0.5659174
204,rev_unobs_10_design,rev_5,"T41R,F44L,C46A,F69K,F97N,G125H,K154Y,N162H,I169F,A177W",-2.1008096,-2.32205
205,rev_unobs_10_T41R,rev_5,T41R,0.09792716,-0.05285438
206,rev_unobs_10_F44L,rev_5,F44L,-0.7279453,-0.7390256
207,rev_unobs_10_C46A,rev_5,C46A,-0.17053089,-0.31259596
208,rev_unobs_10_F69K,rev_5,F69K,-0.6213555,-0.6376896
209,rev_unobs_10_F97N,rev_5,F97N,-0.02233465,-0.086394325
210,rev_unobs_10_G125H,rev_5,G125H,-0.18660817,-0.31650555
211,rev_unobs_10_K154Y,rev_5,K154Y,-0.111672,-0.28363788
212,rev_unobs_10_N162H,rev_5,N162H,0.16214901,0.045021236
213,rev_unobs_10_I169F,rev_5,I169F,-0.18463016,-0.2399147
214,rev_unobs_10_A177W,rev_5,A177W,-1.9416175,-2.0379624
215,rev_unobs_10_design,rev_6,"D19P,E32I,T36K,P56T,G89E,N119G,G136E,N168M,V174G,P209R",-2.0244477,-2.089357
216,rev_unobs_10_D19P,rev_6,D19P,-1.1022248,-1.1196343
217,rev_unobs_10_E32I,rev_6,E32I,-0.16623208,-0.22478357
218,rev_unobs_10_T36K,rev_6,T36K,-0.01725562,-0.11989334
219,rev_unobs_10_P56T,rev_6,P56T,0.088128686,-0.1093947
220,rev_unobs_10_G89E,rev_6,G89E,-0.5975119,-0.8368065
221,rev_unobs_10_N119G,rev_6,N119G,-0.3666915,-0.2537879
222,rev_unobs_10_G136E,rev_6,G136E,-0.51889867,-0.51190686
223,rev_unobs_10_N168M,rev_6,N168M,-0.06665376,-0.23319767
224,rev_unobs_10_V174G,rev_6,V174G,-0.18860468,-0.28578532
225,rev_unobs_10_P209R,rev_6,P209R,-0.013013653,-0.12078737
226,rev_unobs_10_design,rev_7,"V20Q,T36V,T47H,N103L,R107S,E130M,G132M,G172C,D178C,R213C",-2.690279,-2.389269
227,rev_unobs_10_V20Q,rev_7,V20Q,-0.5213864,-0.6210606
228,rev_unobs_10_T36V,rev_7,T36V,-0.12396606,-0.21398678
229,rev_unobs_10_T47H,rev_7,T47H,-0.24475707,-0.23992093
230,rev_unobs_10_N103L,rev_7,N103L,-0.12639481,-0.1398806
231,rev_unobs_10_R107S,rev_7,R107S,-0.2589283,-0.34630397
232,rev_unobs_10_E130M,rev_7,E130M,-0.29116628,-0.37805495
233,rev_unobs_10_G132M,rev_7,G132M,-0.883,-0.90087736
234,rev_unobs_10_G172C,rev_7,G172C,-0.31193084,-0.41406244
235,rev_unobs_10_D178C,rev_7,D178C,-0.053148665,-0.16987169
236,rev_unobs_10_R213C,rev_7,R213C,-1.0708481,-0.5304946
237,rev_unobs_10_design,rev_8,"E32D,Y72S,H75C,Q78N,R94Y,G114M,E122L,V161L,N168H,V217Y",-2.4241157,-2.4633703
238,rev_unobs_10_E32D,rev_8,E32D,-0.26373738,-0.24110526
239,rev_unobs_10_Y72S,rev_8,Y72S,-0.7922026,-0.7668205
240,rev_unobs_10_H75C,rev_8,H75C,-0.27693018,-0.42904705
241,rev_unobs_10_Q78N,rev_8,Q78N,-0.12019861,-0.18574125
242,rev_unobs_10_R94Y,rev_8,R94Y,-1.5403577,-1.2187151
243,rev_unobs_10_G114M,rev_8,G114M,-0.38845223,-0.44257402
244,rev_unobs_10_E122L,rev_8,E122L,-0.37228107,-0.36720622
245,rev_unobs_10_V161L,rev_8,V161L,-0.027667046,-0.009777226
246,rev_unobs_10_N168H,rev_8,N168H,0.024795532,-0.11937481
247,rev_unobs_10_V217Y,rev_8,V217Y,-0.14846867,-0.13691166
248,rev_unobs_10_design,rev_9,"V14N,F25E,F98R,K105C,I121S,G125P,N147H,V148K,D171P,G189E",-3.5960984,-3.2875297
249,rev_unobs_10_V14N,rev_9,V14N,-0.37138185,-0.3454746
250,rev_unobs_10_F25E,rev_9,F25E,-0.6245422,-0.7038276
251,rev_unobs_10_F98R,rev_9,F98R,-0.73853457,-0.81879777
252,rev_unobs_10_K105C,rev_9,K105C,-0.15714204,-0.25434306
253,rev_unobs_10_I121S,rev_9,I121S,-0.6680311,-0.5785603
254,rev_unobs_10_G125P,rev_9,G125P,-0.650659,-0.7882816
255,rev_unobs_10_N147H,rev_9,N147H,-0.09982427,-0.12752108
256,rev_unobs_10_V148K,rev_9,V148K,-0.17747596,-0.3188173
257,rev_unobs_10_D171P,rev_9,D171P,-0.5186735,-0.5939203
258,rev_unobs_10_G189E,rev_9,G189E,-0.2589056,-0.3319193
259,rev_obs_5_design,rev_10,"D34E,F97L,K111R,S173C,V217A",-0.7101723,-0.5328566
260,rev_obs_5_D34E,rev_10,D34E,0.01389575,-0.04547313
261,rev_obs_5_F97L,rev_10,F97L,-0.13701007,-0.16836199
262,rev_obs_5_K111R,rev_10,K111R,-0.0179623,-0.17355028
263,rev_obs_5_S173C,rev_10,S173C,-0.2595816,-0.26546526
264,rev_obs_5_V217A,rev_10,V217A,-0.33728558,-0.32455763
265,rev_obs_5_design,rev_11,"T41P,T60A,F82S,L135P,N147S",-2.35631,-2.0566359
266,rev_obs_5_T41P,rev_11,T41P,-0.7228385,-0.7029323
267,rev_obs_5_T60A,rev_11,T60A,-0.18203788,-0.25421625
268,rev_obs_5_F82S,rev_11,F82S,-0.8716676,-0.83113086
269,rev_obs_5_L135P,rev_11,L135P,-0.7882714,-0.8216678
270,rev_obs_5_N147S,rev_11,N147S,-0.01069577,-0.0712701
271,rev_obs_5_design,rev_12,"E4G,H75Y,E88G,H179Y,M216V",-1.1735367,-1.0099669
272,rev_obs_5_E4G,rev_12,E4G,-0.060881626,-0.20144245
273,rev_obs_5_H75Y,rev_12,H75Y,0.027460087,-0.06340887
274,rev_obs_5_E88G,rev_12,E88G,-0.047811393,-0.15260418
275,rev_obs_5_H179Y,rev_12,H179Y,-0.29860276,-0.15017775
276,rev_obs_5_M216V,rev_12,M216V,-0.46594998,-0.42517263
277,rev_obs_5_design,rev_13,"V27G,H75L,Y104F,P190S,Q202P",-2.6236894,-2.570587
278,rev_obs_5_V27G,rev_13,V27G,-1.4107218,-1.2604699
279,rev_obs_5_H75L,rev_13,H75L,-0.26078692,-0.2903561
280,rev_obs_5_Y104F,rev_13,Y104F,-0.04215622,-0.13959134
281,rev_obs_5_P190S,rev_13,P190S,-0.04579571,-0.105775386
282,rev_obs_5_Q202P,rev_13,Q202P,-1.5240713,-1.4484035
283,rev_obs_5_design,rev_14,"K1R,K99R,L193Q,S200N,S203T",-0.012381315,-0.04519204
284,rev_obs_5_K1R,rev_14,K1R,0.013913915,-0.04578814
285,rev_obs_5_K99R,rev_14,K99R,0.09276075,-0.07692763
286,rev_obs_5_L193Q,rev_14,L193Q,-0.05207259,-0.09995129
287,rev_obs_5_S200N,rev_14,S200N,-0.007843092,-0.09052063
288,rev_obs_5_S203T,rev_14,S203T,0.15169021,0.09359087
289,rev_obs_10_design,rev_15,"E4G,T95A,F97S,E130G,N147S,Y149D,F163P,D195Y,N196D,E220G",-2.817953,-2.9247355
290,rev_obs_10_E4G,rev_15,E4G,-0.060881626,-0.20144245
291,rev_obs_10_T95A,rev_15,T95A,-0.23154983,-0.29506916
292,rev_obs_10_F97S,rev_15,F97S,0.07775435,-0.044957712
293,rev_obs_10_E130G,rev_15,E130G,-0.28258577,-0.37613088
294,rev_obs_10_N147S,rev_15,N147S,-0.01069577,-0.0712701
295,rev_obs_10_Y149D,rev_15,Y149D,-0.09698734,-0.18766098
296,rev_obs_10_F163P,rev_15,F163P,-1.7557837,-1.4065473
297,rev_obs_10_D195Y,rev_15,D195Y,0.1795374,0.11678602
298,rev_obs_10_N196D,rev_15,N196D,-0.07929372,-0.10713241
299,rev_obs_10_E220G,rev_15,E220G,-1.394309,-1.2084825
300,rev_obs_10_design,rev_16,"S28P,D34E,K83R,K99M,V110A,F128L,N144D,T184S,L205Q,Y235H",-2.3812284,-2.3142672
301,rev_obs_10_S28P,rev_16,S28P,-0.84476596,-0.70294225
302,rev_obs_10_D34E,rev_16,D34E,0.01389575,-0.04547313
303,rev_obs_10_K83R,rev_16,K83R,-0.29103315,-0.36465693
304,rev_obs_10_K99M,rev_16,K99M,-0.5346452,-0.47105467
305,rev_obs_10_V110A,rev_16,V110A,-0.80423295,-0.6399497
306,rev_obs_10_F128L,rev_16,F128L,-0.47575083,-0.527004
307,rev_obs_10_N144D,rev_16,N144D,0.02169229,-0.12512162
308,rev_obs_10_T184S,rev_16,T184S,-0.2985678,-0.37040848
309,rev_obs_10_L205Q,rev_16,L205Q,-0.23137213,-0.3212366
310,rev_obs_10_Y235H,rev_16,Y235H,-0.06472058,-0.14651233
311,rev_obs_10_design,rev_17,"R71H,Y90H,V91D,H146N,V174A,V191E,N196Y,Q202P,E220G,A225G",-3.3275244,-3.1491237
312,rev_obs_10_R71H,rev_17,R71H,-0.093322754,-0.16583027
313,rev_obs_10_Y90H,rev_17,Y90H,-0.66308314,-0.68248355
314,rev_obs_10_V91D,rev_17,V91D,-0.49353328,-0.5382507
315,rev_obs_10_H146N,rev_17,H146N,-0.5186002,-0.63375103
316,rev_obs_10_V174A,rev_17,V174A,-0.173551,-0.23229182
317,rev_obs_10_V191E,rev_17,V191E,-0.9838343,-0.88592243
318,rev_obs_10_N196Y,rev_17,N196Y,0.21541634,0.08786287
319,rev_obs_10_Q202P,rev_17,Q202P,-1.5240713,-1.4484035
320,rev_obs_10_E220G,rev_17,E220G,-1.394309,-1.2084825
321,rev_obs_10_A225G,rev_17,A225G,0.03436636,-0.090700716
322,rev_obs_10_design,rev_18,"T36N,H75Y,M76T,A108V,F128S,Y141H,N144D,K164L,E170K,I227F",-2.5102682,-1.9263566
323,rev_obs_10_T36N,rev_18,T36N,-0.1599008,-0.20821917
324,rev_obs_10_H75Y,rev_18,H75Y,0.027460087,-0.06340887
325,rev_obs_10_M76T,rev_18,M76T,-0.50107586,-0.7519602
326,rev_obs_10_A108V,rev_18,A108V,-0.9726262,-0.6818236
327,rev_obs_10_F128S,rev_18,F128S,-0.9232116,-0.8467066
328,rev_obs_10_Y141H,rev_18,Y141H,-0.009518623,-0.11161723
329,rev_obs_10_N144D,rev_18,N144D,0.02169229,-0.12512162
330,rev_obs_10_K164L,rev_18,K164L,-0.19759709,-0.22734924
331,rev_obs_10_E170K,rev_18,E170K,-0.13849798,-0.19198167
332,rev_obs_10_I227F,rev_18,I227F,-0.068016134,-0.1596882
333,rev_obs_10_design,rev_19,"E15V,V20E,T60A,H75L,K105E,Y149D,N157D,V191A,N196D,F221L",-2.4485283,-1.9514592
334,rev_obs_10_E15V,rev_19,E15V,-0.14749396,-0.1612908
335,rev_obs_10_V20E,rev_19,V20E,-0.70717394,-0.8404947
336,rev_obs_10_T60A,rev_19,T60A,-0.18203788,-0.25421625
337,rev_obs_10_H75L,rev_19,H75L,-0.26078692,-0.2903561
338,rev_obs_10_K105E,rev_19,K105E,0.05717992,-0.06273431
339,rev_obs_10_Y149D,rev_19,Y149D,-0.09698734,-0.18766096
340,rev_obs_10_N157D,rev_19,N157D,0.012113482,-0.090613335
341,rev_obs_10_V191A,rev_19,V191A,-0.59416324,-0.5403529
342,rev_obs_10_N196D,rev_19,N196D,-0.07929371,-0.107132405
343,rev_obs_10_F221L,rev_19,F221L,-0.32758236,-0.32534835