variant	num_mutations	score
M0V	1	0.0651434
T1A	1	-0.2244622
T1E	1	-0.3301698
T1G	1	0.0227784
T1N	1	0.1539191
T1P	1	-0.1566901
T1R	1	-0.0975513
T1S	1	-0.0565716
A2C	1	-0.0446222
A2E	1	0.0401540
A2F	1	-0.2802738
A2G	1	0.0167285
A2H	1	-0.0306848
A2I	1	-0.0129087
A2L	1	-0.1663841
A2M	1	-0.1135406
A2P	1	0.2584124
A2Q	1	-0.2450747
A2R	1	-0.1960860
A2S	1	-0.1173812
A2T	1	0.0174330
A2V	1	-0.0999901
A2W	1	-0.1416834
A2Y	1	-0.1180354
I3G	1	-0.0215692
I3H	1	-0.1933205
I3L	1	0.0964275
I3R	1	0.0294798
I4L	1	-0.0171581
I4N	1	0.1911284
I4R	1	0.1758504
I4V	1	0.0565479
I4Y	1	0.2230658
K5A	1	0.2308044
K5D	1	0.0625344
K5E	1	0.2637987
K5W	1	0.0253189
E6C	1	-0.4559206
E6D	1	-0.1004668
E6F	1	-0.5196095
E6G	1	-0.0362328
E6H	1	-0.2987787
E6L	1	-0.2794031
E6T	1	0.1276593
E6V	1	-0.4075941
E6Y	1	-0.4618155
V8A	1	-0.0999299
V8C	1	0.2566078
V8D	1	0.2191651
V8E	1	0.1965300
V8F	1	0.1067327
V8G	1	0.0151971
V8H	1	0.0453441
V8I	1	-0.2350772
V8K	1	0.2957129
V8L	1	-0.1091150
V8M	1	0.0172304
V8N	1	0.3466919
V8P	1	0.2458840
V8Q	1	0.1062465
V8R	1	0.0492316
V8S	1	-0.0005248
V8T	1	0.1730800
S9A	1	-0.1145986
S9C	1	0.0124061
S9E	1	-0.1679769
S9F	1	0.0179446
S9G	1	0.0251167
S9H	1	0.1734877
S9L	1	-0.0368341
S9P	1	0.2298273
S9R	1	-0.1100734
S9T	1	0.1784774
S9V	1	-0.0679980
R10A	1	0.0018949
R10C	1	-0.2480080
R10E	1	0.0585659
R10F	1	0.0624890
R10G	1	-0.0453965
R10H	1	0.2226489
R10I	1	0.0182185
R10K	1	-0.0361312
R10L	1	0.1026048
R10M	1	0.0358759
R10N	1	-0.0742160
R10P	1	-0.0801483
R10Q	1	0.1140832
R10S	1	-0.0186694
R10T	1	0.2377324
R10V	1	0.0019546
R10W	1	0.0864265
R10Y	1	-0.1485399
N11A	1	-0.1331600
N11D	1	-0.0035394
N11E	1	-0.0852356
N11F	1	-0.6558567
N11G	1	0.1549757
N11I	1	-0.7012831
N11L	1	-0.6793411
N11M	1	-0.4091492
N11P	1	0.1293817
N11Q	1	-0.1552973
N11R	1	-0.1823183
N11S	1	0.0267977
N11T	1	0.1166806
N11V	1	-0.4799674
N11W	1	-0.5644814
K12A	1	-0.1357947
K12G	1	0.0585473
K12H	1	0.1818423
K12I	1	-0.0662530
K12L	1	-0.1798003
K12M	1	-0.4435740
K12P	1	0.1197589
K12Q	1	0.0119887
K12R	1	-0.4024112
K12S	1	0.0464369
K12W	1	-0.3007319
R13A	1	0.1962739
R13D	1	0.0329933
R13E	1	-0.0545317
R13G	1	0.0419111
R13I	1	-0.3105952
R13K	1	-0.2078143
R13M	1	0.1524933
R13N	1	0.2153827
R13P	1	-0.3792478
R13S	1	-0.1752499
R13T	1	0.0530876
R13V	1	-0.0100746
R13Y	1	0.0228547
R14A	1	0.0017686
R14C	1	0.0833030
R14D	1	0.0979620
R14E	1	-0.1616592
R14F	1	0.1349643
R14G	1	-0.0900296
R14H	1	0.0920288
R14I	1	0.1602383
R14K	1	-0.0602804
R14L	1	0.0587572
R14M	1	0.1637088
R14N	1	-0.1712766
R14P	1	-0.1055968
R14S	1	-0.0003489
R14T	1	0.0351969
R14V	1	0.0103511
R14W	1	0.1075638
R14Y	1	0.1114826
Y15A	1	0.0160370
Y15C	1	-0.1805074
Y15E	1	-0.2099159
Y15G	1	-0.0650603
Y15L	1	-0.2163989
Y15M	1	0.0280182
Y15R	1	-0.1964373
Y15S	1	-0.0752890
Y15T	1	-0.1213777
Y15V	1	-0.0434722
Y15W	1	-0.0374263
Q16A	1	-0.0324108
Q16C	1	-0.0547679
Q16D	1	-0.3336922
Q16E	1	-0.0287439
Q16F	1	-0.0066081
Q16G	1	-0.0615520
Q16H	1	-0.1756095
Q16I	1	-0.0581583
Q16K	1	-0.1952378
Q16L	1	-0.0072524
Q16M	1	-0.2629032
Q16N	1	0.0775036
Q16P	1	0.0543537
Q16R	1	-0.1309028
Q16S	1	-0.1471110
Q16T	1	-0.1408529
Q16V	1	0.0123109
Q16W	1	-0.3183126
Q16Y	1	-0.3945794
E17A	1	0.0766551
E17C	1	-0.1916647
E17D	1	-0.1014148
E17G	1	-0.0459341
E17H	1	-0.2454526
E17L	1	-0.2585870
E17N	1	-0.0963312
E17P	1	-0.0791106
E17R	1	-0.2353875
E17S	1	-0.2137475
E17T	1	-0.1682191
E17V	1	0.0492782
E17W	1	0.0433241
D18A	1	-0.1608791
D18C	1	-0.3853597
D18E	1	0.0113019
D18F	1	-0.4210850
D18G	1	-0.2012559
D18K	1	-0.2774185
D18L	1	-0.3238294
D18M	1	-0.3054316
D18N	1	0.1657313
D18P	1	-0.0217666
D18Q	1	-0.3968402
D18R	1	-0.2240616
D18S	1	0.0637984
D18T	1	-0.2388077
D18V	1	-0.2551732
D18W	1	-0.1769398
G19A	1	-0.1279374
G19C	1	-0.2840382
G19D	1	0.0413466
G19E	1	-0.0329021
G19F	1	-0.1677572
G19H	1	-0.0678965
G19I	1	-0.0171784
G19L	1	-0.1396582
G19M	1	-0.1574519
G19N	1	-0.0064039
G19P	1	-0.1207233
G19Q	1	-0.0068690
G19R	1	-0.2870962
G19S	1	-0.1402505
G19T	1	0.0144653
G19V	1	-0.2538240
G19Y	1	-0.1783249
F20A	1	-0.1064741
F20C	1	-0.0071014
F20D	1	-0.3986598
F20E	1	-0.1123341
F20G	1	-0.0106956
F20H	1	-0.0603117
F20I	1	-0.0705735
F20L	1	-0.4128092
F20M	1	-0.1993691
F20N	1	-0.1996992
F20P	1	-0.0811788
F20Q	1	-0.0435730
F20R	1	-0.0463189
F20S	1	-0.1013727
F20V	1	-0.0519879
F20W	1	-0.0181872
D21C	1	-0.0993964
D21E	1	-0.2065827
D21F	1	-0.3115604
D21G	1	-0.2211782
D21H	1	-0.2150427
D21K	1	-0.0459930
D21L	1	-0.4075773
D21M	1	-0.6727316
D21P	1	-0.0820642
D21Q	1	-0.2850113
D21R	1	-0.1705357
D21S	1	-0.1483179
D21T	1	-0.3130943
D21V	1	-0.3580023
D21W	1	-0.1606272
L22A	1	-0.4483780
L22D	1	-0.7306479
L22E	1	-0.5238471
L22G	1	-0.3252790
L22H	1	-0.3262444
L22M	1	-0.1041676
L22P	1	-0.1269235
L22Q	1	-0.4114169
L22R	1	-0.5326771
L22S	1	-0.2600831
L22T	1	-0.2498143
L22V	1	-0.2705520
L22W	1	0.0300227
L22Y	1	-0.2901620
D23E	1	-0.1516535
D23G	1	-0.0589100
D23L	1	-0.4955089
D23M	1	-0.5705636
D23N	1	-0.1507084
D23R	1	-0.2792004
D23S	1	-0.4428928
D23Y	1	-0.3528927
L24A	1	-0.6670851
L24C	1	-0.3470481
L24D	1	-0.5106109
L24E	1	-0.5405789
L24G	1	-0.6161645
L24H	1	-0.2531616
L24I	1	-0.2996283
L24M	1	0.0221036
L24P	1	-0.6475530
L24Q	1	-0.5110637
L24R	1	-0.5414037
L24S	1	-0.4618900
L24T	1	-0.4298578
L24V	1	-0.0343502
L24W	1	-0.6052637
L24Y	1	-0.3308850
T25A	1	-0.3392092
T25C	1	-0.0351818
T25G	1	-0.5152532
T25K	1	-0.3900629
T25L	1	-0.4907742
T25M	1	-0.2932954
T25Q	1	-0.0738211
T25R	1	-0.4092265
T25S	1	-0.0940195
T25V	1	-0.2146740
Y26C	1	-0.6028780
Y26E	1	-0.3154872
Y26G	1	-0.7250557
Y26K	1	-0.5358465
Y26L	1	-0.6296003
Y26Q	1	-0.7634286
Y26S	1	-0.5473761
Y26V	1	-0.5905197
I27D	1	-0.7653927
I27E	1	-0.7986577
I27F	1	-0.6210739
I27G	1	-0.7510933
I27H	1	-0.7761978
I27K	1	-0.6754714
I27L	1	-0.2306666
I27M	1	-0.6619912
I27Q	1	-0.7785869
I27R	1	-0.7228359
I27S	1	-0.8174389
I27V	1	0.0521166
Y28A	1	-0.0980006
Y28F	1	-0.2097650
Y28G	1	-0.1156519
Y28I	1	-0.5093794
Y28K	1	-0.2384649
Y28L	1	-0.0454522
Y28M	1	0.0646841
Y28N	1	-0.2451062
Y28P	1	-0.5479933
Y28R	1	-0.0645510
Y28S	1	-0.0195849
Y28T	1	-0.5041059
Y28V	1	-0.2012646
P29A	1	-0.2545160
P29C	1	-0.4088944
P29D	1	-0.1691972
P29E	1	-0.2427364
P29F	1	-0.4423371
P29G	1	-0.1252431
P29H	1	0.1847073
P29I	1	-0.7657862
P29K	1	-0.0591826
P29L	1	-0.6714252
P29M	1	-0.5884301
P29N	1	-0.2071440
P29Q	1	-0.1834218
P29R	1	-0.2991064
P29S	1	-0.2598597
P29T	1	-0.1584354
P29V	1	-0.7138762
P29W	1	-0.5909977
P29Y	1	-0.4443635
N30A	1	-0.6695298
N30C	1	-0.4822114
N30D	1	-0.6884589
N30E	1	-0.4749457
N30F	1	-0.6765255
N30G	1	-0.3980706
N30H	1	-0.1429000
N30K	1	-0.2041581
N30L	1	-0.7147585
N30P	1	-0.7127043
N30Q	1	-0.3173013
N30R	1	-0.0275186
N30S	1	-0.4458128
N30T	1	-0.3614005
N30V	1	-0.7547319
N30W	1	-0.7611870
N30Y	1	-0.6300717
M34A	1	-0.4088574
M34D	1	-0.6173509
M34F	1	0.1001620
M34G	1	-0.5445684
M34H	1	-0.4660774
M34I	1	-0.0776104
M34K	1	-0.6247591
M34L	1	-0.1062865
M34P	1	-0.6043307
M34Q	1	-0.6137194
M34R	1	-0.6956314
M34S	1	-0.4289766
M34T	1	-0.3495347
M34V	1	0.0612085
M34Y	1	-0.1428551
G35A	1	-0.1581994
G35D	1	-0.0228524
G35F	1	-0.1390400
G35H	1	-0.1362007
G35K	1	-0.2479658
G35L	1	-0.5116222
G35P	1	-0.3626582
G35R	1	-0.3384183
G35S	1	-0.1354027
G35T	1	-0.0254305
G35V	1	-0.3815600
G35W	1	-0.1013365
F36A	1	0.0528781
F36D	1	-0.0854618
F36E	1	0.0789466
F36G	1	-0.0765073
F36H	1	-0.0965815
F36L	1	-0.4692722
F36M	1	0.1951303
F36N	1	-0.0196359
F36Q	1	-0.3110699
F36R	1	-0.2478688
F36S	1	-0.1589036
F36V	1	-0.4623452
F36Y	1	-0.2487448
P37A	1	-0.1947669
P37C	1	-0.1672285
P37E	1	-0.1719153
P37F	1	-0.2650299
P37G	1	-0.2826691
P37H	1	-0.5660284
P37K	1	-0.0372869
P37L	1	-0.4594616
P37M	1	-0.2086456
P37R	1	-0.2051021
P37S	1	0.1361195
P37T	1	-0.0796664
P37V	1	-0.2507246
P37Y	1	-0.2688494
A38C	1	-0.3921401
A38D	1	-0.0499869
A38F	1	-0.2263306
A38G	1	-0.0699316
A38L	1	-0.3799051
A38M	1	-0.0913366
A38P	1	-0.3167247
A38R	1	-0.1847142
A38V	1	-0.0848695
A38W	1	-0.6146479
E39C	1	-0.3316805
E39F	1	-0.3416173
E39G	1	-0.2399543
E39L	1	-0.3096749
E39P	1	-0.0325707
E39R	1	-0.3845364
E39S	1	-0.2154746
E39T	1	0.0433426
E39V	1	-0.3491950
E39Y	1	-0.0720605
R40A	1	-0.0141549
R40C	1	-0.0020188
R40E	1	-0.0345055
R40G	1	-0.3019844
R40H	1	-0.2735537
R40I	1	0.0121668
R40L	1	-0.2055425
R40M	1	-0.1952904
R40N	1	-0.2293229
R40P	1	0.0664001
R40S	1	0.0708920
R40T	1	-0.0768955
R40V	1	0.0795747
R40Y	1	-0.1917280
E42D	1	-0.1104678
E42F	1	-0.0383875
E42G	1	-0.1082260
E42H	1	0.0073995
E42I	1	-0.2735096
E42L	1	-0.2598725
E42N	1	-0.2423326
E42P	1	-0.0959317
E42R	1	-0.0076405
E42S	1	0.0340197
E42V	1	-0.0764551
E42W	1	-0.3116012
G43A	1	-0.3260217
G43D	1	-0.2007677
G43E	1	-0.1505815
G43H	1	0.1012028
G43I	1	-0.3458862
G43K	1	-0.1422156
G43L	1	-0.2378094
G43M	1	-0.1541522
G43R	1	-0.0700823
G43S	1	-0.0793448
G43T	1	-0.0778429
G43V	1	-0.3206062
V44A	1	0.0394590
V44C	1	-0.0234766
V44D	1	0.1111071
V44F	1	-0.1837740
V44G	1	0.0977471
V44I	1	-0.1009524
V44K	1	0.0020475
V44L	1	-0.3240966
V44M	1	-0.1240330
V44N	1	0.0593747
V44P	1	0.1276529
V44Q	1	0.1697973
V44R	1	0.0174747
V44S	1	0.0648648
V44T	1	-0.2302991
V44W	1	-0.3300846
V44Y	1	-0.0601285
Y45A	1	-0.1587542
Y45C	1	-0.2524748
Y45D	1	-0.0427546
Y45E	1	0.0682586
Y45G	1	0.1630907
Y45H	1	0.1003122
Y45I	1	-0.0406510
Y45K	1	-0.2933973
Y45L	1	-0.2290898
Y45S	1	-0.0570973
Y45T	1	-0.1058597
Y45V	1	-0.0673558
Y45W	1	-0.4389069
R46A	1	0.1448227
R46C	1	0.0148669
R46E	1	0.1574929
R46F	1	0.0864223
R46G	1	-0.0583175
R46H	1	-0.3004289
R46L	1	-0.0221742
R46N	1	0.1077590
R46P	1	-0.4526528
R46Q	1	0.0115506
R46S	1	0.2140681
R46T	1	0.0384611
R46V	1	-0.1045549
N47D	1	-0.2490716
N47H	1	0.2073036
N47L	1	-0.4486609
N47M	1	-0.1270561
N47P	1	-0.1703504
N48A	1	-0.0895914
N48D	1	0.0453035
N48E	1	-0.2494421
N48F	1	-0.1172873
N48G	1	-0.1645963
N48H	1	0.1375870
N48I	1	-0.2647840
N48K	1	-0.1841324
N48L	1	-0.1175091
N48M	1	-0.0039748
N48P	1	-0.2087211
N48Q	1	0.1030262
N48R	1	0.0805253
N48S	1	-0.0641821
N48T	1	-0.1059485
N48V	1	-0.2548628
N48W	1	-0.2291395
N48Y	1	0.0258050
I49A	1	-0.1357728
I49E	1	-0.2648100
I49F	1	0.0050101
I49G	1	-0.4741016
I49H	1	-0.5343158
I49L	1	-0.0549459
I49M	1	-0.3420019
I49N	1	-0.5282063
I49P	1	-0.2595379
I49R	1	-0.4114591
I49S	1	-0.2800649
I49T	1	-0.2778816
I49V	1	0.0277943
D50A	1	-0.2157338
D50E	1	-0.2052376
D50G	1	-0.2642174
D50L	1	-0.1287915
D50M	1	-0.1167185
D50P	1	-0.5223202
D50Q	1	-0.4326541
D50R	1	-0.4140902
D50S	1	-0.1433495
D50T	1	-0.1225530
D50V	1	-0.3384597
D51A	1	-0.2660970
D51E	1	0.0974145
D51F	1	-0.4327950
D51G	1	-0.3137422
D51H	1	-0.3660422
D51I	1	-0.4214649
D51K	1	-0.2495685
D51L	1	-0.3113232
D51N	1	-0.1594199
D51P	1	-0.3012440
D51Q	1	0.0591562
D51R	1	-0.0398098
D51S	1	-0.2174809
D51T	1	-0.2882573
D51V	1	-0.3535190
V52A	1	-0.0538180
V52C	1	-0.5641592
V52D	1	-0.7451631
V52E	1	-0.6063702
V52G	1	-0.5901076
V52H	1	-0.6504281
V52K	1	-0.7794871
V52L	1	-0.1769831
V52M	1	0.0205581
V52N	1	-0.6079458
V52P	1	-0.8106278
V52Q	1	-0.3641141
V52R	1	-0.7683284
V52S	1	-0.4377208
V52T	1	-0.2793603
V53A	1	-0.2117598
V53C	1	-0.0043972
V53D	1	-0.4786298
V53E	1	-0.3919882
V53F	1	-0.2747084
V53G	1	-0.2301911
V53H	1	-0.2231154
V53I	1	-0.0099474
V53K	1	-0.0814778
V53L	1	-0.0161347
V53M	1	-0.2978140
V53N	1	-0.3771297
V53P	1	-0.6289567
V53Q	1	-0.1590868
V53R	1	-0.2960385
V53S	1	-0.1634256
V53T	1	-0.4714836
V53W	1	-0.4093556
V53Y	1	-0.3662325
R54A	1	-0.1485528
R54E	1	-0.0040744
R54F	1	-0.5655902
R54G	1	-0.1740164
R54H	1	-0.0229275
R54I	1	-0.6659518
R54L	1	-0.3495900
R54M	1	-0.2129018
R54P	1	-0.6253621
R54Q	1	-0.2092254
R54S	1	-0.0219078
R54T	1	-0.1251403
R54V	1	-0.6173383
R54W	1	-0.5926962
R54Y	1	-0.4468169
F55A	1	-0.2514320
F55C	1	-0.5737297
F55D	1	-0.7009638
F55G	1	-0.6733601
F55I	1	-0.4492081
F55K	1	-0.5491523
F55L	1	-0.1548185
F55M	1	-0.2990340
F55N	1	-0.5483505
F55Q	1	-0.7099721
F55R	1	-0.6972819
F55S	1	-0.5381839
F55V	1	-0.4191318
F55W	1	-0.1859016
F55Y	1	-0.0332640
L56A	1	-0.6773773
L56C	1	-0.6319837
L56E	1	-0.8191405
L56F	1	-0.0928448
L56G	1	-0.8089477
L56I	1	-0.6719703
L56K	1	-0.8508626
L56N	1	-0.7678089
L56P	1	-0.5910407
L56Q	1	-0.5660724
L56R	1	-0.7859695
L56S	1	-0.6287098
L56V	1	-0.6256201
L56W	1	-0.8165457
D57A	1	-0.3261893
D57E	1	-0.1979462
D57G	1	-0.4145715
D57H	1	-0.2650801
D57I	1	-0.7860547
D57K	1	-0.4826678
D57P	1	-0.5733794
D57R	1	-0.4705720
D57S	1	-0.0769914
D57T	1	-0.6008311
D57V	1	-0.4952249
D57W	1	-0.6929810
D57Y	1	-0.4839693
S58A	1	-0.2294936
S58C	1	-0.4574440
S58D	1	-0.1018569
S58E	1	-0.0339555
S58G	1	-0.0693006
S58H	1	-0.3203382
S58I	1	-0.1096361
S58L	1	-0.0121662
S58M	1	-0.0998644
S58N	1	0.0023809
S58P	1	-0.8505404
S58Q	1	0.0453517
S58R	1	-0.0751031
S58V	1	-0.0425353
S58W	1	-0.3142469
S58Y	1	-0.0383298
K59A	1	-0.3408957
K59C	1	-0.4146362
K59E	1	-0.1879198
K59G	1	-0.6198605
K59I	1	-0.4294488
K59L	1	-0.4672819
K59P	1	-0.5213176
K59R	1	0.1110570
K59T	1	-0.3156861
K59V	1	-0.2812122
H60A	1	-0.5654294
H60C	1	-0.4659656
H60D	1	-0.7650865
H60E	1	-0.7127414
H60G	1	-0.5856662
H60I	1	-0.2438451
H60K	1	-0.8643767
H60L	1	-0.2471369
H60M	1	-0.4935510
H60N	1	-0.6959175
H60P	1	-0.6203799
H60Q	1	-0.6481282
H60R	1	-0.7354165
H60S	1	-0.5123696
H60T	1	-0.6409110
H60V	1	-0.5328103
H60W	1	-0.5279817
H60Y	1	-0.0580984
K61A	1	-0.2432955
K61C	1	-0.3137979
K61D	1	-0.1594551
K61E	1	0.0202804
K61F	1	-0.3292152
K61G	1	-0.0330901
K61I	1	-0.1715684
K61L	1	-0.1269585
K61M	1	-0.0808711
K61P	1	-0.0158376
K61Q	1	-0.0815412
K61R	1	-0.1106308
K61S	1	-0.2972789
K61T	1	-0.2823482
K61V	1	-0.3767998
K61W	1	-0.4361457
K61Y	1	0.2332219
N62A	1	-0.1747081
N62E	1	-0.1566250
N62G	1	-0.1038497
N62K	1	-0.1544956
N62L	1	-0.3808716
N62M	1	-0.3512225
N62P	1	-0.4980318
N62Q	1	-0.3054899
N62R	1	-0.3450212
N62S	1	-0.0500172
N62T	1	-0.4361140
N62V	1	-0.6114068
N62W	1	-0.5055841
H63A	1	-0.1967326
H63C	1	-0.3463553
H63D	1	-0.0489674
H63E	1	-0.0903600
H63F	1	-0.1893101
H63G	1	-0.1985348
H63I	1	-0.5520362
H63L	1	-0.2264623
H63N	1	-0.1687605
H63P	1	-0.8039348
H63Q	1	0.0942658
H63R	1	-0.1097306
H63S	1	-0.0515284
H63T	1	-0.0360480
H63V	1	-0.0884428
H63W	1	-0.3206386
Y64A	1	-0.3980042
Y64C	1	-0.1810793
Y64E	1	-0.7516048
Y64F	1	-0.3897339
Y64G	1	-0.7637666
Y64H	1	-0.4964457
Y64I	1	-0.3249263
Y64K	1	-0.9218084
Y64L	1	-0.4165306
Y64M	1	-0.2416626
Y64P	1	-0.7628468
Y64R	1	-0.7735427
Y64S	1	-0.7374862
Y64T	1	-0.5784709
Y64V	1	-0.1675819
Y64W	1	-0.1232061
K65A	1	-0.3888367
K65E	1	-0.7726128
K65F	1	-0.8085727
K65G	1	-0.7650303
K65H	1	-0.7738599
K65I	1	-0.4793532
K65L	1	-0.6405517
K65M	1	-0.2825988
K65P	1	-0.8746656
K65Q	1	-0.4115006
K65R	1	-0.2126470
K65S	1	-0.5553321
K65T	1	-0.3147245
K65V	1	-0.4013614
K65W	1	-0.5651699
I66A	1	-0.8389707
I66C	1	-0.5514175
I66D	1	-0.8577534
I66E	1	-0.6250393
I66G	1	-0.8084143
I66H	1	-0.7081106
I66K	1	-0.8044423
I66L	1	-0.2082491
I66M	1	-0.4943048
I66N	1	-0.5140969
I66P	1	-0.8043327
I66Q	1	-0.8638966
I66R	1	-0.8256906
I66S	1	-0.7135093
I66T	1	-0.7202671
I66V	1	-0.2026946
I66W	1	-0.5584363
I66Y	1	-0.6881969
Y67C	1	-1.0084733
Y67E	1	-0.8831619
Y67F	1	0.0518468
Y67G	1	-0.7069578
Y67I	1	-0.6392806
Y67K	1	-0.7952192
Y67L	1	-0.8124637
Y67N	1	-0.7647712
Y67P	1	-0.9160300
Y67Q	1	-0.8244673
Y67R	1	-0.6447173
Y67S	1	-0.8317743
Y67T	1	-0.7962166
Y67V	1	-0.7419340
Y67W	1	-0.3361487
N68A	1	-0.1874090
N68D	1	0.0094910
N68G	1	-0.4406783
N68L	1	-0.1801479
N68M	1	-0.0568059
N68R	1	-0.5107320
N68S	1	-0.0731902
N68T	1	-0.1940412
N68V	1	-0.1259944
N68W	1	-0.0903545
C70E	1	0.0144906
C70F	1	-0.5759633
C70G	1	-0.0565286
C70H	1	-0.3468269
C70I	1	-0.7200823
C70K	1	-0.8663784
C70L	1	-0.6267615
C70M	1	-0.2150915
C70Q	1	-0.0758497
C70R	1	-0.8169625
C70T	1	-0.2685789
C70V	1	-0.3827541
A71C	1	-0.3371006
A71D	1	-0.1708399
A71E	1	-0.3736134
A71G	1	-0.0614555
A71H	1	-0.1769980
A71I	1	-0.2752818
A71K	1	0.0268977
A71L	1	-0.4032897
A71M	1	-0.2173152
A71N	1	-0.1929758
A71P	1	-0.2037329
A71Q	1	-0.2219450
A71R	1	-0.1849687
A71S	1	-0.3288001
A71T	1	0.0364909
A71V	1	-0.1307633
A71W	1	-0.4029722
E72A	1	-0.3727122
E72C	1	-0.3159314
E72D	1	-0.1035654
E72F	1	-0.5558470
E72G	1	-0.1506197
E72H	1	-0.3938560
E72I	1	-0.3261749
E72K	1	-0.4285511
E72L	1	-0.4786036
E72M	1	-0.2763040
E72P	1	-0.4858430
E72Q	1	-0.3206190
E72R	1	-0.4329360
E72S	1	-0.4920249
E72T	1	-0.3036423
E72V	1	-0.3204553
E72Y	1	-0.5231993
R73A	1	-0.1431898
R73C	1	0.1859125
R73D	1	-0.0565161
R73G	1	-0.0973693
R73L	1	-0.3428552
R73S	1	-0.1312585
R73T	1	0.0151499
R73V	1	-0.2080931
H74A	1	-0.2332006
H74D	1	0.0456548
H74E	1	0.1050023
H74G	1	0.0164638
H74I	1	-0.2081452
H74L	1	-0.2877071
H74M	1	0.1154820
H74R	1	-0.0381921
H74S	1	0.0496339
H74T	1	0.0155064
H74V	1	-0.1388767
H74Y	1	-0.0962399
Y75A	1	-0.2821401
Y75D	1	-0.1274167
Y75E	1	-0.3814359
Y75F	1	-0.1071014
Y75G	1	-0.2157576
Y75H	1	-0.0706497
Y75K	1	-0.1968380
Y75L	1	-0.0625553
Y75M	1	-0.2789830
Y75P	1	-0.1893088
Y75Q	1	-0.3737087
Y75R	1	-0.4802025
Y75S	1	-0.4601269
Y75T	1	-0.1646845
Y75V	1	-0.0211781
Y75W	1	-0.0791015
D76A	1	-0.2518690
D76C	1	-0.3121153
D76E	1	-0.1330136
D76F	1	-0.4371145
D76G	1	-0.2620570
D76I	1	-0.2119881
D76L	1	-0.1981968
D76M	1	-0.2956664
D76P	1	-0.2232324
D76Q	1	-0.3288375
D76R	1	-0.3927359
D76S	1	-0.1792346
D76T	1	-0.3651531
D76V	1	-0.2920736
D76W	1	-0.3619773
T77A	1	-0.0467390
T77G	1	-0.0653053
T77L	1	0.0997525
T77M	1	0.2169377
T77Q	1	0.0031895
A78C	1	-0.3059253
A78D	1	0.0391756
A78E	1	-0.0523750
A78F	1	-0.1901106
A78G	1	0.0471706
A78H	1	0.0991116
A78L	1	-0.0631442
A78M	1	-0.1139669
A78N	1	-0.1356255
A78P	1	-0.2971286
A78Q	1	-0.0706872
A78R	1	-0.1823790
A78S	1	0.0466337
A78T	1	-0.1687321
A78V	1	-0.1356625
A78W	1	-0.0765194
A78Y	1	-0.1627769
K79A	1	-0.0308912
K79C	1	-0.1599451
K79D	1	-0.2368551
K79E	1	-0.0134020
K79F	1	-0.3135180
K79G	1	-0.3233015
K79I	1	-0.5000643
K79L	1	0.0500865
K79M	1	-0.1341170
K79N	1	-0.0014114
K79P	1	-0.1556009
K79Q	1	-0.1516821
K79R	1	-0.1905333
K79S	1	-0.1286512
K79T	1	-0.1671484
K79V	1	-0.0338264
K79W	1	-0.1769486
K79Y	1	-0.0009330
F80A	1	-0.2794095
F80E	1	-0.4596098
F80G	1	-0.2715742
F80H	1	-0.1815727
F80I	1	-0.1966329
F80K	1	-0.6173442
F80L	1	0.0775566
F80M	1	-0.1548042
F80N	1	-0.2546110
F80P	1	-0.3619123
F80Q	1	-0.1086516
F80R	1	-0.5985391
F80T	1	-0.3985565
F80V	1	-0.1979338
F80Y	1	-0.3432135
N81A	1	0.0092981
N81D	1	0.1689324
N81F	1	-0.0328055
N81G	1	0.0420322
N81H	1	-0.0862344
N81I	1	-0.4743443
N81P	1	0.0078602
N81R	1	-0.3147069
N81S	1	-0.1807788
N81V	1	-0.4991490
C82A	1	0.0078511
C82E	1	-0.2582708
C82F	1	-0.1802998
C82G	1	-0.1878329
C82H	1	-0.1547399
C82I	1	-0.1406298
C82K	1	-0.5175577
C82L	1	-0.2414123
C82M	1	-0.0284179
C82P	1	-0.2410410
C82Q	1	-0.0708057
C82R	1	-0.0500243
C82S	1	-0.0596822
C82T	1	-0.2094276
C82V	1	-0.1723953
C82Y	1	-0.0046076
R83C	1	0.2064411
R83F	1	-0.1559398
R83I	1	0.0992435
R83P	1	0.0959839
V84A	1	-0.4998227
V84C	1	-0.0723409
V84D	1	-0.5875199
V84E	1	-0.4080712
V84G	1	-0.5447484
V84I	1	0.0217235
V84K	1	-0.4666202
V84L	1	-0.2913225
V84M	1	-0.2799645
V84N	1	-0.4277225
V84P	1	-0.4695962
V84R	1	-0.7628837
V84S	1	-0.6344936
A85C	1	0.0771025
A85G	1	-0.0185316
A85L	1	-0.5489092
A85M	1	-0.1360682
A85N	1	-0.6408018
A85R	1	-0.1944455
Q86A	1	-0.2743004
Q86C	1	-0.1072638
Q86E	1	-0.1524769
Q86F	1	-0.0552339
Q86G	1	-0.0868472
Q86L	1	0.2431864
Q86M	1	0.0772290
Q86P	1	-0.2377363
Q86R	1	-0.0270961
Q86S	1	-0.1361307
Q86T	1	0.0276535
Q86V	1	-0.0163546
Y87G	1	-0.7880425
Y87I	1	-0.5443898
Y87R	1	-0.7950821
Y87V	1	-0.4238605
P88A	1	-0.1550392
P88C	1	-0.1533585
P88E	1	-0.3004597
P88G	1	-0.0873096
P88H	1	-0.1839059
P88K	1	-0.3440557
P88L	1	-0.3686244
P88Q	1	-0.1949629
P88R	1	-0.1038336
P88S	1	-0.3559561
P88T	1	-0.2533038
P88V	1	-0.1429043
P88W	1	-0.5154690
F89A	1	-0.1853336
F89C	1	-0.0303324
F89E	1	-0.4957702
F89G	1	-0.1301224
F89H	1	-0.3489928
F89I	1	0.0415300
F89K	1	-0.7627034
F89L	1	-0.0180356
F89M	1	-0.0173636
F89P	1	-0.5227600
F89Q	1	-0.1138082
F89R	1	-0.6949231
F89S	1	0.0210465
F89V	1	-0.0058726
F89W	1	-0.2768439
F89Y	1	-0.3710507
E90A	1	-0.0675851
E90D	1	-0.5068889
E90F	1	-0.1997447
E90G	1	-0.0914655
E90H	1	-0.0148676
E90K	1	-0.0010991
E90L	1	-0.2739955
E90M	1	-0.0361155
E90N	1	-0.1130461
E90P	1	-0.2316994
E90Q	1	0.1121207
E90R	1	-0.3628778
E90S	1	-0.3024667
E90T	1	0.0076779
E90V	1	-0.2558632
E90W	1	-0.2478310
E90Y	1	0.0203821
D91A	1	-0.0606178
D91C	1	-0.2437190
D91E	1	0.0571558
D91F	1	-0.3054554
D91G	1	-0.3040638
D91H	1	-0.0003413
D91K	1	-0.2166012
D91L	1	-0.1131507
D91P	1	0.0383025
D91Q	1	0.0356924
D91R	1	0.1566430
D91S	1	-0.0626278
D91T	1	-0.1835800
D91V	1	-0.2154213
D91W	1	-0.3102418
H92A	1	-0.1281760
H92C	1	-0.1494654
H92D	1	-0.1615712
H92E	1	0.2184610
H92G	1	0.0306265
H92M	1	-0.0061832
H92N	1	-0.1469171
H92P	1	-0.1101004
H92R	1	-0.1602585
H92T	1	-0.0913057
H92V	1	-0.4921675
H92W	1	-0.1771939
N93A	1	0.0142795
N93C	1	-0.1595639
N93E	1	-0.2266277
N93G	1	-0.1559038
N93L	1	-0.0094145
N93M	1	-0.1151442
N93P	1	-0.6198867
N93Q	1	-0.0922984
N93R	1	-0.1190187
N93S	1	-0.0003181
N93T	1	-0.2599284
N93V	1	-0.0717709
P94A	1	-0.4969307
P94C	1	-0.1919200
P94D	1	-0.7087856
P94F	1	-0.5578914
P94G	1	-0.5013988
P94H	1	-0.5961135
P94I	1	-0.3345733
P94N	1	-0.6120103
P94Q	1	-0.6089671
P94S	1	-0.4659790
P94T	1	-0.8449458
P94Y	1	-0.4686970
P95A	1	-0.5113142
P95D	1	-0.9048653
P95E	1	-0.6938971
P95G	1	-0.4517933
P95H	1	-1.0110346
P95I	1	-0.1923709
P95L	1	-0.3614749
P95S	1	-0.9137944
P95V	1	-0.3576058
Q96E	1	-0.2140659
Q96V	1	-0.2384704
L97A	1	-0.8240482
L97E	1	-0.8822352
L97G	1	-0.8613424
L97H	1	-0.1133461
L97R	1	-0.8772976
L97V	1	-0.3155325
L97Y	1	-0.4790067
I100F	1	0.2591512
I100P	1	-0.9035582
I100R	1	-0.9569159
I100S	1	-0.8479420
I100V	1	-0.0784493
I100Y	1	-0.7627289
K101E	1	-0.1634464
K101L	1	-0.4139478
P102A	1	-0.0873802
P102C	1	0.0301371
P102D	1	0.0571711
P102E	1	0.0223627
P102F	1	-0.2925435
P102G	1	0.0510760
P102H	1	-0.1659126
P102I	1	-0.0342002
P102K	1	0.0213328
P102L	1	0.1851278
P102M	1	-0.1551755
P102N	1	-0.0096716
P102Q	1	-0.1808972
P102R	1	-0.1710668
P102S	1	-0.0524678
P102T	1	-0.0529503
P102V	1	-0.1413553
P102W	1	-0.2633697
P102Y	1	0.0586405
F103A	1	-0.6224975
F103C	1	-0.4278640
F103D	1	-0.8576243
F103G	1	-0.8647942
F103L	1	-0.6343912
F103N	1	-1.0029164
F103P	1	-0.6868519
F103R	1	-0.7080155
F103S	1	-0.7434138
F103T	1	-0.6851817
F103V	1	-0.7392865
F103Y	1	-0.0974219
C104E	1	-0.8544533
C104G	1	-0.6483921
C104L	1	-0.7020488
C104R	1	-0.8411954
C104S	1	-0.7554721
C104V	1	0.0899340
C104W	1	-0.8861128
E105A	1	-0.4603777
E105D	1	-0.1387898
E105F	1	-0.5090657
E105G	1	-0.4945065
E105I	1	-0.2106898
E105K	1	-0.1902662
E105L	1	0.0143391
E105M	1	-0.0252531
E105N	1	0.0812370
E105P	1	-0.7984796
E105Q	1	-0.1810671
E105R	1	-0.3349434
E105S	1	-0.2953363
E105T	1	-0.1110531
E105V	1	-0.1913538
E105W	1	-0.5760397
E105Y	1	-0.3684316
D106A	1	-0.7797704
D106C	1	-0.8403123
D106E	1	-0.5133761
D106G	1	-0.7273007
D106M	1	-0.7931556
D106N	1	-0.4558855
D106P	1	-0.8993299
D106S	1	-0.3655024
D106T	1	-0.6073561
D106V	1	-0.8211474
D106W	1	-0.8404509
D106Y	1	-0.8511382
L107A	1	-0.6573645
L107E	1	-0.7858834
L107G	1	-0.8490946
L107H	1	-0.5408126
L107I	1	-0.2448335
L107M	1	-0.0641428
L107P	1	-0.8713504
L107Q	1	-0.7652183
L107R	1	-0.8332368
L107S	1	-0.8620125
L107T	1	-0.7316336
L107V	1	-0.1353667
L107W	1	-0.6514402
D108A	1	-0.1814512
D108C	1	-0.2171027
D108G	1	-0.3526556
D108K	1	-0.1002928
D108L	1	-0.5415324
D108M	1	-0.3156843
D108R	1	-0.2423522
D108S	1	-0.3583361
D108T	1	-0.2407829
D108V	1	-0.4895119
D108W	1	-0.4277505
Q109C	1	-0.1730354
Q109D	1	0.0025040
Q109E	1	0.0616511
Q109G	1	-0.2781058
Q109L	1	0.0637053
Q109P	1	-0.5314966
Q109R	1	-0.2528295
Q109T	1	-0.0073022
Q109V	1	-0.2211221
W110A	1	-1.0698656
W110D	1	-0.9677566
W110G	1	-0.8305681
W110H	1	-0.4822512
W110I	1	-0.9543297
W110L	1	-0.8494726
W110M	1	-0.6966848
W110N	1	-0.7148740
W110P	1	-0.8432814
W110R	1	-0.9137178
W110S	1	-0.8184955
W110T	1	-0.8035664
W110V	1	-0.9448782
W110Y	1	-0.3626494
L111A	1	-0.6671573
L111D	1	-0.9268289
L111E	1	-0.8816420
L111F	1	-0.5223446
L111G	1	-0.7865771
L111I	1	-0.3634645
L111P	1	-0.9454624
L111R	1	-0.7404167
L111S	1	-0.7057995
L111V	1	-0.5126217
L111W	1	-1.1090180
L111Y	1	-0.8354058
E113A	1	-0.2902639
E113D	1	-0.2490850
E113F	1	-0.4197787
E113G	1	0.0153703
E113I	1	-0.0359712
E113L	1	-0.2921203
E113M	1	-0.4287476
E113N	1	-0.4122742
E113Q	1	-0.4985654
E113R	1	-0.1298189
E113S	1	-0.2309915
E113V	1	-0.1723999
D114A	1	-0.3249641
D114G	1	-0.3802716
D114K	1	-0.3634403
D114L	1	-0.7643193
D114M	1	-0.6029366
D114P	1	-0.6809196
D114Q	1	-0.4498400
D114R	1	-0.4452237
D114S	1	-0.0045853
D114T	1	-0.3950459
D114V	1	-0.7460780
D115G	1	-0.0763302
D115L	1	-0.3895471
D115R	1	0.0247303
D115S	1	-0.1344771
D115V	1	-0.3552377
D115W	1	-0.2025637
N116A	1	0.0187856
N116C	1	0.0641156
N116G	1	-0.0697589
N116H	1	-0.1996213
N116K	1	-0.0348209
N116L	1	-0.0395684
N116P	1	-0.8724474
N116Q	1	-0.9564520
N116R	1	-0.0813835
N116S	1	-0.0026912
N116V	1	-0.2403014
N116W	1	-0.4647760
N116Y	1	-0.3851118
H117A	1	-0.5718413
H117E	1	-0.7618643
H117G	1	-0.8364621
H117K	1	-0.6870107
H117L	1	-0.6183234
H117R	1	-0.2995923
H117W	1	-0.5450694
V118A	1	-0.5225366
V118E	1	-0.8125186
V118G	1	-0.7877482
V118K	1	-0.6454018
V118L	1	-0.5335391
V118N	1	-0.7089634
V118Q	1	-0.5792573
V118R	1	-0.7793598
V118S	1	-0.8442645
V118T	1	-0.5514812
V118W	1	-0.6928323
A119E	1	-1.0751925
A119F	1	-0.5501909
A119G	1	-0.3605225
A119Q	1	-0.8918489
A119R	1	-0.8558058
A119T	1	-0.6339010
A119V	1	-0.5860551
A119W	1	-0.7974552
A120D	1	-0.7998203
A120E	1	-0.8788297
A120F	1	-0.0034746
A120G	1	-0.4492318
A120I	1	0.0151676
A120K	1	-0.8718820
A120L	1	0.1188006
A120P	1	-0.9328115
A120T	1	-0.5355023
A120V	1	0.1215505
A120W	1	-0.2785146
A120Y	1	-0.5186871
I121A	1	-0.7365655
I121C	1	-0.7163691
I121D	1	-0.8755607
I121E	1	-0.7646261
I121G	1	-0.7993628
I121L	1	-0.1462858
I121M	1	-0.4734455
I121P	1	-0.7654009
I121Q	1	-0.7228403
I121R	1	-0.7143825
I121S	1	-0.7363310
I121T	1	-0.7503560
I121V	1	-0.0122352
H122A	1	-0.0297867
H122G	1	0.0443776
H122I	1	0.1095267
H122L	1	-0.0754458
H122M	1	0.2769162
H122R	1	-0.5921716
H122S	1	-0.0366558
C123D	1	0.0989861
C123E	1	0.0147835
C123F	1	-0.5118077
C123G	1	-0.0337797
C123H	1	-0.2999053
C123L	1	-0.5190451
C123M	1	-0.5998033
C123N	1	-0.7151607
C123P	1	-0.2436368
C123R	1	-0.7117502
C123S	1	0.0474181
C123V	1	-0.5410310
C123W	1	-0.5797799
C123Y	1	-0.4857084
K124A	1	-0.0308883
K124C	1	0.2435772
K124D	1	0.1180107
K124E	1	0.0095498
K124G	1	0.1091980
K124M	1	-0.0274132
K124P	1	0.0764859
K124R	1	-0.1165324
K124V	1	-0.0913952
A125C	1	-0.0502076
A125E	1	-0.2293827
A125F	1	-0.2416409
A125G	1	0.1031274
A125K	1	-0.1825028
A125L	1	-0.4189884
A125N	1	0.0741040
A125R	1	-0.0194981
A125S	1	0.1589273
A125T	1	-0.0301803
G126M	1	-0.4557896
K127A	1	-0.5398058
K127D	1	0.0609661
K127G	1	0.1754542
K127L	1	-0.1889591
K127M	1	0.2196869
G128A	1	-0.2898174
G128D	1	-0.2818419
G128E	1	-0.3619873
G128L	1	-0.5555019
G128M	1	-0.5049526
G128P	1	-0.1068165
G128R	1	-0.5248773
G128S	1	-0.3533908
G128T	1	-0.2545737
G128V	1	-0.5100370
G128W	1	-0.0772948
R129A	1	0.1635190
R129F	1	0.0958725
R129G	1	0.1242293
R129L	1	0.1966468
R129M	1	-0.0958640
R129P	1	-0.0493692
R129S	1	-0.4058945
R129T	1	-0.0970890
R129V	1	-0.0964637
T130G	1	-0.3283943
T130I	1	-0.2376257
T130K	1	-0.6327185
T130L	1	0.0134195
T130N	1	-0.4496598
T130R	1	-0.7875593
G131C	1	-0.6908104
V132D	1	-0.8193999
V132G	1	-0.6903145
V132K	1	-0.6400875
V132L	1	0.0638562
V132S	1	-0.5363079
V132Y	1	-0.5356909
M133A	1	-0.1462229
M133C	1	-0.1527104
M133E	1	-0.8051293
M133F	1	-0.1132355
M133G	1	-0.3555955
M133H	1	-0.6611795
M133I	1	-0.4058989
M133Q	1	-0.8508308
M133R	1	-0.7175128
M133S	1	-0.5618202
M133T	1	-0.6620858
M133V	1	-0.2061613
M133W	1	-0.4833806
I134C	1	-0.6358820
I134K	1	-0.8232577
I134R	1	-0.9202665
I134S	1	-0.7616870
C135E	1	-0.7083874
C135G	1	-0.5622633
C135L	1	-0.6883185
C135R	1	-0.8559750
C135W	1	-0.2649299
A136D	1	-0.8733104
A136G	1	-0.4585498
A136K	1	-0.8567591
A136L	1	-0.2986007
A136R	1	-0.7663322
A136S	1	0.0629849
A136W	1	-0.5517091
Y137E	1	-0.8608637
Y137G	1	-0.7138251
Y137T	1	-0.7430932
Y137V	1	-0.4773801
L138A	1	-0.3736625
L138E	1	-0.4375002
L138G	1	-0.5471383
L138H	1	-1.0295515
L138N	1	-0.3876217
L138Q	1	-0.7784498
L138R	1	-0.7530696
L138T	1	-0.5671125
L138V	1	-0.5929681
L138W	1	-0.1007873
L139A	1	-0.7435795
L139D	1	-0.9330274
L139E	1	-0.8192683
L139G	1	-0.6780108
L139K	1	-0.8672399
L139M	1	-0.3933006
L139P	1	-0.8146973
L139R	1	-0.8249068
L139S	1	-0.6931546
L139T	1	-0.8151142
L139V	1	-0.3018824
H140G	1	-0.5418464
H140K	1	-0.4462979
H140M	1	-0.5415473
H140P	1	-0.8000826
R141A	1	-0.0029924
R141D	1	-0.2655034
R141E	1	-0.1860519
R141G	1	-0.0780539
R141L	1	-0.3098687
R141M	1	-0.0454751
R141P	1	-0.8063444
R141Q	1	0.0580501
R141S	1	-0.0940545
R141T	1	-0.2377703
R141V	1	0.1024199
R141W	1	-0.4089543
R141Y	1	-0.1679550
G142I	1	-0.6215224
G142K	1	-0.3333595
G142L	1	-0.3883617
G142M	1	-0.2556554
G142R	1	-0.0147083
G142V	1	-0.4430145
K143I	1	0.0419598
K143L	1	0.0397619
K143P	1	-0.3848156
K143Q	1	-0.0294613
K143R	1	-0.2193890
F144G	1	-0.4439142
F144R	1	-0.6820058
F144V	1	-0.2650717
L145C	1	-0.1379191
L145D	1	0.0308568
L145F	1	-0.3809073
L145G	1	0.0196570
L145K	1	-0.1977450
L145M	1	-0.0659354
L145P	1	-0.0561723
L145Q	1	-0.3129210
L145R	1	-0.0442434
L145T	1	-0.2967537
L145V	1	-0.1431845
L145W	1	0.1063882
K146A	1	-0.1032262
K146G	1	-0.0634147
K146I	1	0.0712292
K146L	1	0.0166377
K146P	1	-0.5683116
K146Q	1	-0.0382065
K146R	1	0.1512933
K146V	1	-0.3743483
A147E	1	-0.7121226
A147G	1	-0.4825550
A147K	1	-0.6231029
A147L	1	-0.7333984
A147P	1	-0.1339389
A147R	1	-0.6993177
A147V	1	-0.1510005
A147W	1	-0.7841867
Q148C	1	0.0010243
Q148D	1	-0.2200576
Q148E	1	-0.0940645
Q148F	1	-0.5400689
Q148G	1	-0.1430084
Q148I	1	-0.5513752
Q148L	1	-0.4593146
Q148P	1	-0.2144599
Q148R	1	-0.0396936
Q148T	1	-0.0856962
Q148V	1	-0.3026085
Q148W	1	-0.3908011
E149A	1	-0.0625165
A150E	1	-0.7112058
A150G	1	-0.7858831
A150K	1	-0.8904162
A150L	1	-0.7838932
A150M	1	-0.7067339
A150R	1	-0.7750393
A150S	1	-0.3208301
A150T	1	-0.2982854
A150V	1	-0.0623763
L151C	1	-0.6937527
L151D	1	-0.7758938
L151F	1	-0.1435270
L151G	1	-0.7676913
L151I	1	0.1330649
L151Q	1	-0.1065715
L151R	1	-0.8148805
L151T	1	-0.7230448
L151V	1	-0.6255468
L151W	1	-0.7439364
L151Y	1	-0.7719873
D152A	1	-0.3030123
D152C	1	-0.2457279
D152G	1	-0.5025188
D152H	1	-0.2420440
D152I	1	-0.7718596
D152K	1	0.1661775
D152L	1	-0.5675015
D152M	1	-0.1421656
D152N	1	0.0332495
D152P	1	-0.7524922
D152Q	1	-0.1731242
D152R	1	-0.2448001
D152S	1	-0.2666565
D152T	1	-0.0430985
D152V	1	-0.6887451
D152W	1	-0.5682788
D152Y	1	-0.6034799
F153A	1	-0.3071294
F153C	1	-0.4382671
F153D	1	-0.6628819
F153E	1	-0.7236513
F153G	1	-0.6628729
F153H	1	-0.1926868
F153I	1	-0.5242250
F153K	1	-0.4132361
F153L	1	-0.4632760
F153M	1	-0.3380720
F153R	1	-0.5882439
F153S	1	-0.5240452
F153T	1	-0.1968389
F153V	1	-0.7271415
F153W	1	-0.3402513
Y154D	1	-0.7255154
Y154E	1	-0.8963793
Y154L	1	-0.2013786
Y154Q	1	-0.8009263
G155A	1	0.0424450
G155E	1	-0.3810009
G155P	1	-0.5999461
G155Q	1	0.0230073
G155R	1	-0.0469716
G155S	1	0.1587045
G155V	1	-0.5218602
G155W	1	-0.9061685
E156A	1	-0.0701946
E156C	1	0.1071486
E156D	1	0.1536696
E156F	1	-0.0534801
E156G	1	0.0575980
E156M	1	0.1657221
E156P	1	-0.7776021
E156Q	1	-0.1132821
E156R	1	0.1355525
E156S	1	-0.2267890
E156V	1	-0.2581501
E156W	1	-0.1975103
V157E	1	-0.1437560
V157G	1	-0.3710802
V157K	1	0.0263455
V157L	1	-0.1106677
V157N	1	-0.3025658
V157R	1	-0.1597242
V157S	1	-0.2200760
V157T	1	0.0267911
R158A	1	0.0275056
R158E	1	-0.2814120
R158G	1	-0.0988106
R158I	1	-0.0367578
R158L	1	0.0283375
R158P	1	-0.3645340
R158S	1	0.1418782
R158T	1	-0.0988939
R158W	1	0.1090673
R158Y	1	-0.2525228
T159A	1	-0.1950170
T159C	1	-0.3271088
T159D	1	-0.1196490
T159F	1	0.0872568
T159G	1	-0.0200702
T159L	1	-0.2778539
T159N	1	-0.2107550
T159P	1	0.0357864
T159R	1	-0.0143292
T159V	1	0.0628748
T159W	1	-0.2127013
T159Y	1	-0.1344035
R160C	1	0.1470780
R160E	1	-0.1915447
R160G	1	-0.0208067
R160I	1	0.2454369
R160Q	1	0.3067577
R160V	1	-0.1146465
D161A	1	-0.2932685
D161C	1	-0.2906327
D161F	1	-0.3316877
D161G	1	-0.2866851
D161H	1	0.1115791
D161I	1	-0.4803169
D161L	1	-0.6290932
D161S	1	0.1461577
D161V	1	-0.4425357
D161Y	1	-0.2714722
K162A	1	-0.0520694
K162D	1	-0.2671318
K162E	1	-0.1459385
K162F	1	-0.3303466
K162G	1	-0.0555014
K162I	1	-0.4919093
K162L	1	-0.1111486
K162P	1	-0.3588097
K162Q	1	-0.2164986
K162R	1	-0.0775197
K162S	1	-0.3314409
K162T	1	-0.2056293
K162W	1	-0.3675237
K162Y	1	-0.0887902
K163A	1	-0.1700724
K163G	1	-0.0026491
K163L	1	-0.3391522
K163M	1	-0.3724947
K163P	1	-0.3695907
K163R	1	-0.0392395
K163S	1	-0.0553592
K163T	1	-0.2493882
K163V	1	-0.2546169
K163W	1	-0.4196370
G164A	1	0.0045975
G164C	1	-0.2190221
G164D	1	-0.5075223
G164E	1	-0.5112421
G164I	1	-0.5481678
G164K	1	-0.2873111
G164L	1	-0.1706521
G164M	1	-0.2914593
G164N	1	-0.2191909
G164P	1	-0.5805153
G164R	1	-0.2725803
G164S	1	-0.1493656
G164T	1	-0.0859095
G164V	1	-0.1908169
G164W	1	-0.2060980
G164Y	1	-0.3418354
V165C	1	-0.2943334
V165E	1	-0.7868106
V165G	1	-0.5016063
V165H	1	-0.5810059
V165L	1	-0.2210262
V165M	1	-0.1661989
V165P	1	-0.4056270
V165R	1	-0.6886693
V165S	1	-0.6396479
V165T	1	-0.3917176
V165W	1	-0.4715784
V165Y	1	-0.2641260
T166A	1	-0.2351352
T166E	1	-0.1029993
T166F	1	-0.1808384
T166G	1	-0.3688517
T166L	1	-0.1677450
T166M	1	-0.1395095
T166N	1	-0.3441036
T166P	1	-0.6480862
T166R	1	-0.3485504
T166S	1	-0.0770722
T166V	1	-0.3558441
T166W	1	-0.3411181
T166Y	1	-0.0066218
I167C	1	-0.0271163
I167E	1	-0.0560215
I167G	1	-0.3127680
I167M	1	-0.0512381
I167P	1	-0.3239750
I167Q	1	-0.2458991
I167R	1	-0.1715590
I167S	1	-0.1205123
I167T	1	-0.2868033
I167V	1	-0.0156043
I167W	1	-0.5559281
I167Y	1	-0.3410607
P168A	1	-0.6141290
P168D	1	-0.8591231
P168F	1	-0.8845221
P168G	1	-0.7549224
P168H	1	-0.5117016
P168I	1	-0.7108103
P168K	1	-1.0032441
P168L	1	-0.8507095
P168N	1	-0.6898782
P168Q	1	-0.5874057
P168R	1	-0.7723563
P168S	1	-0.6995933
P168T	1	-0.8759904
P168W	1	-0.8384213
P168Y	1	-0.6247146
S169A	1	-0.5666904
S169G	1	-0.7198347
S169L	1	-0.6698919
S169P	1	-0.7439972
S169R	1	-0.6261262
S169W	1	-0.6300880
Q170A	1	-0.3076861
Q170D	1	-0.0064957
Q170E	1	-0.2636619
Q170G	1	-0.6782508
Q170I	1	-0.1810808
Q170L	1	-0.3579842
Q170M	1	-0.0187198
Q170P	1	-0.6347754
Q170R	1	-0.5288238
Q170S	1	-0.1546767
Q170T	1	-0.2092376
Q170V	1	-0.0110785
Q170W	1	-0.2205556
R171A	1	-0.2253735
R171E	1	-0.5000093
R171G	1	-0.6599212
R171K	1	-0.2115233
R171M	1	-0.2977887
R171N	1	-0.7174943
R171S	1	-0.7458095
R171V	1	-0.1457253
R171Y	1	-0.6860889
R172A	1	-0.7735853
R172C	1	-0.8372741
R172D	1	-0.6365190
R172E	1	-0.8185803
R172F	1	-0.4551431
R172G	1	-0.7613436
R172H	1	-0.7442714
R172I	1	-0.6522109
R172K	1	-0.7245572
R172L	1	-0.8895160
R172M	1	-0.9237729
R172N	1	-0.7662773
R172P	1	-0.8570970
R172Q	1	-0.7144666
R172S	1	-0.7224327
R172T	1	-0.7603649
R172V	1	-0.7927858
R172W	1	-0.7635611
R172Y	1	-0.7518065
Y173V	1	-0.8350809
V174A	1	-0.6139728
V174D	1	-0.9156496
V174E	1	-0.8383052
V174F	1	-0.8252808
V174G	1	-0.7168251
V174K	1	-0.6866400
V174L	1	-0.2315487
V174M	1	-0.8818549
V174N	1	-0.5564442
V174P	1	-0.6674563
V174R	1	-0.8936464
V174S	1	-0.7728276
V174T	1	-0.6059761
Y175A	1	-0.1715044
Y175F	1	-0.6202137
Y175G	1	-0.2845663
Y175K	1	0.0884676
Y175P	1	-0.6047837
Y175S	1	-0.2968457
Y175T	1	-0.2864438
Y175V	1	-0.2221134
Y176A	1	-0.7982657
Y176C	1	-0.8268127
Y176F	1	-0.6715097
Y176G	1	-0.6104848
Y176K	1	-0.5699976
Y176L	1	-0.6212281
Y176M	1	-0.6727243
Y176P	1	-0.7149162
Y176R	1	-0.7920365
Y176V	1	-0.5262583
Y177A	1	-0.3591817
Y177C	1	-0.3139636
Y177D	1	-0.7157438
Y177E	1	-0.6391709
Y177G	1	-0.7381892
Y177I	1	-0.2518184
Y177L	1	-0.4994562
Y177M	1	-0.5579136
Y177P	1	-0.6456812
Y177Q	1	-0.5849871
Y177R	1	-0.8268865
Y177S	1	-0.5443367
Y177T	1	-0.6941391
Y177V	1	-0.3599952
S178F	1	-0.3622552
S178G	1	-0.1712097
S178I	1	-0.4919464
S178M	1	-0.6289135
S178P	1	-0.8638359
S178V	1	-0.7708976
Y179A	1	-0.1993059
Y179E	1	-0.4902116
Y179G	1	-0.5629728
Y179I	1	-0.5169592
Y179K	1	-0.3372849
Y179L	1	-0.0106166
Y179M	1	-0.0095310
Y179R	1	0.0893178
Y179S	1	-0.5526984
Y179V	1	-0.0971238
Y179W	1	0.1760570
L180A	1	-0.7272677
L180C	1	-0.5047262
L180D	1	-0.9491722
L180E	1	-0.6791756
L180F	1	-0.6705881
L180G	1	-0.7551866
L180H	1	-0.6346513
L180I	1	-0.1697570
L180K	1	-0.6881603
L180M	1	-0.1490499
L180N	1	-0.8674667
L180P	1	-0.7986325
L180Q	1	-0.6119279
L180R	1	-0.8370544
L180S	1	-0.7497965
L180T	1	-0.6136309
L180V	1	-0.5555818
L180W	1	-0.8967762
L180Y	1	-0.7431314
L181A	1	-0.3028243
L181C	1	-0.2037326
L181D	1	-0.7376888
L181E	1	-0.5257447
L181F	1	-0.6485141
L181G	1	-0.7351395
L181H	1	-0.2020117
L181I	1	-0.0191078
L181K	1	-0.2036527
L181M	1	-0.0545662
L181N	1	-0.4051172
L181P	1	-0.8449156
L181Q	1	-0.2502731
L181R	1	-0.0690573
L181S	1	-0.5678272
L181T	1	-0.2238556
L181V	1	-0.0363501
L181Y	1	-0.6146563
K182A	1	0.1625841
K182C	1	-0.0596752
K182D	1	-0.3163352
K182G	1	-0.2712528
K182H	1	0.0611325
K182I	1	-0.0768978
K182L	1	-0.2067647
K182N	1	-0.0847769
K182P	1	-0.8378742
K182R	1	0.1602903
K182S	1	-0.1381456
K182T	1	-0.1025418
K182V	1	-0.2169930
N183C	1	-0.0019540
N183G	1	-0.5379195
N183R	1	-0.1780426
N183S	1	-0.0098266
H184A	1	0.0206017
H184G	1	0.0823515
H184I	1	-0.5221325
H184L	1	-0.1496740
H184P	1	-0.6676162
H184R	1	0.2434640
H184S	1	-0.0404833
L185F	1	-0.4680391
L185G	1	-0.4255895
L185H	1	-0.4274950
L185K	1	-0.1087448
L185P	1	-0.5791276
L185Q	1	-0.2086422
L185R	1	-0.2919602
L185W	1	-0.2221255
L185Y	1	-0.2216520
D186A	1	-0.1771673
D186C	1	-0.1771377
D186E	1	0.0491961
D186F	1	-0.2351267
D186G	1	-0.2439833
D186H	1	-0.3223881
D186K	1	-0.1974777
D186L	1	-0.0314703
D186M	1	-0.0736723
D186N	1	0.1773395
D186P	1	-0.0459390
D186R	1	-0.2385014
D186S	1	0.0488707
D186T	1	-0.2398199
D186V	1	-0.0549962
D186W	1	-0.4436919
D186Y	1	-0.1504621
Y187A	1	-0.7464615
Y187C	1	-0.8070990
Y187D	1	-0.5600099
Y187E	1	-0.7037904
Y187F	1	-0.3239813
Y187G	1	-0.7293920
Y187I	1	-0.2250277
Y187L	1	-0.5605820
Y187M	1	-0.7133810
Y187P	1	-0.5920799
Y187Q	1	-0.7406488
Y187R	1	-0.6993104
Y187S	1	-0.6657515
Y187T	1	-0.6167144
Y187V	1	-0.4849134
Y187W	1	-0.7753479
R188D	1	-0.4562772
R188E	1	-0.0800161
R188F	1	-0.0156999
R188G	1	-0.3142012
R188H	1	-0.0975295
R188I	1	-0.2792294
R188K	1	-0.1872929
R188L	1	-0.4264883
R188N	1	-0.2214734
R188P	1	-0.6193655
R188S	1	-0.2123789
R188T	1	0.0779059
R188V	1	-0.0270132
R188W	1	-0.3538224
P189A	1	-0.2281815
P189L	1	-0.2838694
P189V	1	-0.5918651
V190A	1	-0.3556587
V190C	1	-0.2715329
V190D	1	-0.5260363
V190E	1	-0.1439925
V190G	1	-0.6676424
V190I	1	-0.0454456
V190K	1	-0.1559366
V190L	1	-0.2705232
V190M	1	0.0112944
V190N	1	0.0262663
V190P	1	-0.0749798
V190R	1	0.1503558
V190S	1	-0.1603550
V190T	1	0.0688716
A191E	1	0.0087557
A191G	1	-0.2093345
A191H	1	0.2150263
A191K	1	0.0284047
A191L	1	-0.2227655
A191M	1	-0.1081619
A191Q	1	-0.2452782
A191S	1	0.0503094
A191T	1	0.2326543
A191V	1	-0.1724335
A191W	1	-0.2013832
A191Y	1	0.0863662
L192C	1	-0.1754616
L192G	1	-0.5331569
L192I	1	-0.0842204
L192P	1	-0.6090657
L192Q	1	-0.4439553
L192R	1	-0.0637390
L192V	1	-0.0812895
L193A	1	-0.2273152
L193D	1	-0.4436529
L193E	1	-0.3069916
L193G	1	-0.5722325
L193K	1	-0.2640168
L193M	1	0.0650113
L193Q	1	-0.1734015
L193R	1	-0.3949356
L193S	1	-0.1913300
L193T	1	-0.3275706
L193V	1	-0.1833677
L193Y	1	-0.2642615
F194A	1	-0.6650009
F194E	1	-1.0270325
F194G	1	-0.7659129
F194I	1	-0.2039364
F194R	1	-0.8115321
F194S	1	-0.7455325
F194V	1	-0.5414775
F194Y	1	-0.4574260
H195A	1	-0.5615025
H195C	1	-0.3292934
H195E	1	-0.0391832
H195F	1	-0.6041866
H195G	1	-0.6656411
H195L	1	-0.5722231
H195N	1	-0.1742094
H195P	1	-0.7231003
H195Q	1	-0.2921120
H195R	1	-0.2865080
H195S	1	-0.5132923
H195T	1	-0.3324417
H195V	1	-0.4306824
H195Y	1	-0.1470930
K196A	1	-0.3120778
K196D	1	-0.6918584
K196E	1	-0.4163935
K196G	1	-0.1524158
K196H	1	-0.2843807
K196L	1	-0.0170909
K196R	1	-0.1387529
K196S	1	-0.5901558
K196Y	1	-0.2344676
E200C	1	-0.0574437
E200F	1	-0.0358143
E200G	1	-0.3360304
E200I	1	-0.1324334
E200L	1	-0.2994718
E200M	1	0.0047090
E200P	1	-0.3814273
E200R	1	-0.4153772
E200S	1	-0.2116224
E200V	1	-0.1253772
T201A	1	-0.6290190
T201C	1	-0.0284836
T201D	1	-0.1396557
T201F	1	-0.6056784
T201G	1	-0.0169861
T201I	1	-0.7751713
T201L	1	-0.4351810
T201P	1	-0.1138841
T201Q	1	-0.1596763
T201R	1	-0.3151746
T201S	1	-0.1831065
T201V	1	-0.6204709
T201W	1	-0.3640478
T201Y	1	-0.1187787
I202A	1	-0.3502180
I202C	1	-0.2340208
I202E	1	-0.3822090
I202G	1	-0.4151732
I202L	1	-0.3198690
I202P	1	-0.3761355
I202R	1	-0.5962472
I202S	1	-0.2136032
I202V	1	-0.1545495
P203A	1	-0.7104378
P203E	1	-0.6665307
P203G	1	-0.6559075
P203L	1	-0.6098548
P203M	1	-0.7296932
P203Q	1	-0.6059055
P203R	1	-0.7395706
P203T	1	-0.3842176
P203V	1	-0.6262570
M204A	1	0.0376811
M204E	1	-0.0879318
M204G	1	-0.3245281
M204L	1	-0.3586864
M204P	1	-0.3798387
M204R	1	-0.1910930
M204S	1	-0.5557562
M204T	1	-0.0719540
M204V	1	-0.2094609
M204W	1	-0.2642474
F205A	1	-0.2759833
F205C	1	-0.0614634
F205D	1	-0.5011835
F205G	1	-0.3927528
F205H	1	-0.2050311
F205I	1	-0.1336714
F205L	1	-0.3172655
F205M	1	-0.3518457
F205P	1	-0.4065050
F205R	1	-0.3965180
F205S	1	-0.2897806
F205T	1	-0.2482654
F205V	1	-0.1359091
F205W	1	-0.0946727
F205Y	1	-0.2358723
S206D	1	-0.0766578
S206E	1	0.0875165
S206G	1	-0.0845639
S206I	1	-0.1146122
S206L	1	-0.1725240
S206P	1	0.0328305
S206R	1	-0.3939597
S206T	1	-0.1195831
G207A	1	-0.1824109
G207C	1	-0.1104676
G207D	1	0.1245290
G207E	1	-0.2317587
G207F	1	-0.3099106
G207I	1	-0.3236876
G207L	1	-0.1830764
G207M	1	0.0362382
G207N	1	-0.1189558
G207Q	1	-0.2890970
G207R	1	-0.3267108
G207S	1	-0.0966694
G207T	1	-0.2621320
G207V	1	-0.1514401
G208A	1	0.0417605
G208C	1	-0.1411771
G208D	1	-0.1341689
G208E	1	0.0283976
G208L	1	-0.0340614
G208M	1	-0.0508766
G208N	1	0.0399571
G208P	1	-0.1798540
G208R	1	-0.1714227
G208S	1	0.0488265
G208V	1	-0.0154588
G208W	1	-0.3055664
T209D	1	0.1730022
T209E	1	0.0330679
T209G	1	-0.2404751
T209K	1	-0.4440655
T209L	1	-0.1758737
T209M	1	-0.1493127
T209R	1	-0.4073027
T209V	1	-0.1316877
C210A	1	-0.3327828
C210D	1	-0.3371680
C210F	1	-0.1836874
C210G	1	-0.3290574
C210L	1	-0.1572724
C210M	1	-0.5395702
C210P	1	-0.2875943
C210R	1	-0.5770039
C210S	1	-0.3742509
C210T	1	-0.5066831
C210V	1	-0.1616469
N211A	1	-0.3697025
N211G	1	-0.3915779
N211L	1	-0.2617101
N211P	1	-0.7540340
N211Q	1	-0.0724087
N211R	1	-0.2142383
N211V	1	-0.0628110
N211Y	1	0.0804208
P212A	1	-0.3854526
P212E	1	-0.8004190
P212F	1	-0.1992192
P212G	1	-0.6943682
P212K	1	-0.7840187
P212L	1	-0.3353243
P212M	1	-0.1150359
P212R	1	-0.6269715
P212W	1	-0.2419090
P212Y	1	-0.0479507
Q213A	1	0.0395960
Q213C	1	-0.0861446
Q213E	1	-0.1580097
Q213F	1	-0.2170593
Q213G	1	-0.0746031
Q213I	1	-0.0557856
Q213L	1	-0.0103967
Q213P	1	-0.7878055
Q213R	1	-0.0808289
Q213S	1	-0.0370090
Q213T	1	0.1538455
Q213V	1	-0.1030182
F214A	1	-0.4853419
F214D	1	-0.9218910
F214E	1	-0.7353055
F214G	1	-0.7309566
F214I	1	-0.0274937
F214K	1	-0.7949371
F214L	1	-0.1145922
F214M	1	-0.1564562
F214N	1	-0.6358496
F214P	1	-0.6719422
F214R	1	-0.7726329
F214S	1	-0.5821766
F214T	1	-0.6392448
F214V	1	-0.0977064
V215A	1	-0.1030846
V215C	1	0.1101449
V215F	1	-0.0272449
V215G	1	-0.4868361
V215I	1	0.0442682
V215L	1	-0.2268366
V215N	1	0.1818970
V215P	1	-0.5172611
V215R	1	-0.0409262
V215S	1	0.0240954
V215W	1	-0.0950269
V215Y	1	-0.2469874
V216A	1	-0.7934716
V216E	1	-0.7121506
V216F	1	-0.5046627
V216G	1	-0.6935544
V216H	1	-0.7106769
V216I	1	0.0744978
V216K	1	-0.7438326
V216L	1	-0.5966086
V216M	1	-0.6963758
V216N	1	-0.7884669
V216P	1	-0.9566729
V216Q	1	-0.7697371
V216R	1	-0.8313845
V216S	1	-0.5971230
V216T	1	-0.7665351
C217A	1	-0.1337712
C217D	1	-0.3729002
C217E	1	-0.1768317
C217F	1	-0.0816816
C217G	1	-0.2142282
C217H	1	-0.1953414
C217I	1	0.0082862
C217L	1	-0.0031606
C217M	1	0.1994160
C217P	1	-0.6920337
C217Q	1	-0.0311367
C217R	1	0.0347905
C217S	1	0.0808687
C217T	1	-0.0086782
C217V	1	-0.2373070
C217Y	1	0.2500041
Q218G	1	-0.3258433
Q218K	1	-0.4382408
Q218L	1	-0.0532919
Q218M	1	-0.1577526
Q218P	1	-0.6407408
Q218R	1	-0.3145680
Q218T	1	-0.3312590
Q218V	1	-0.2296785
Q218W	1	-0.3026275
L219A	1	0.1721197
L219F	1	0.1273384
L219I	1	-0.2846092
L219M	1	0.0375837
L219P	1	0.1418526
L219R	1	-0.0837364
L219V	1	-0.2530381
L219Y	1	-0.4223371
K220G	1	0.2077088
K220P	1	-0.0513419
K220S	1	0.0932832
K220V	1	-0.5724333
V221A	1	0.1252716
V221C	1	-0.1895019
V221E	1	-0.1545012
V221G	1	0.0819196
V221H	1	0.1976839
V221L	1	0.1432944
V221S	1	0.1074492
V221W	1	-0.0120311
K222A	1	-0.1884768
K222C	1	-0.0008127
K222F	1	-0.3602038
K222G	1	-0.2459530
K222H	1	-0.0578061
K222L	1	-0.0365429
K222R	1	0.0216154
K222V	1	-0.1194281
K222W	1	-0.2117840
K222Y	1	-0.5329273
I223A	1	-0.3237709
I223C	1	0.1215678
I223D	1	-0.3226758
I223E	1	-0.4632410
I223F	1	-0.5439120
I223G	1	-0.5378009
I223H	1	-0.5261631
I223L	1	-0.0376587
I223M	1	-0.1342670
I223P	1	-0.2953898
I223Q	1	-0.4034707
I223R	1	-0.2298269
I223S	1	-0.2873684
I223T	1	-0.4356255
I223V	1	-0.2152577
Y224A	1	-0.2618290
Y224E	1	-0.7007357
Y224G	1	-0.4326128
Y224H	1	-0.2235562
Y224I	1	-0.4023338
Y224K	1	-0.4805437
Y224L	1	-0.0050533
Y224P	1	-0.4562543
Y224R	1	-0.5084246
Y224V	1	-0.5592388
S225D	1	0.1063151
S225G	1	-0.1379828
S225K	1	-0.3151172
S225L	1	-0.3822625
S225R	1	-0.2251963
S225T	1	-0.2414326
S225V	1	-0.2320595
S226A	1	-0.3081486
S226G	1	-0.1064046
S226I	1	-0.5365105
S226L	1	-0.4209976
S226V	1	-0.5897225
S226Y	1	-0.1167572
N227C	1	-0.0286268
N227D	1	-0.3136467
N227E	1	-0.0143821
N227F	1	0.0892650
N227G	1	-0.0898404
N227H	1	0.1442143
N227I	1	-0.1243583
N227K	1	-0.1663060
N227L	1	-0.0228460
N227M	1	-0.0547550
N227P	1	0.1891650
N227Q	1	0.0387949
N227R	1	-0.0964523
N227S	1	0.1150836
N227T	1	0.0303124
N227V	1	-0.3334331
N227Y	1	-0.0520496
S228A	1	-0.1505920
S228E	1	-0.0002799
S228F	1	0.0413456
S228G	1	-0.0471516
S228H	1	-0.0682739
S228I	1	0.1430864
S228K	1	-0.0313509
S228L	1	-0.0792297
S228M	1	-0.4875861
S228P	1	-0.2300327
S228R	1	-0.4491562
S228V	1	-0.0811469
S228Y	1	-0.3573832
G229C	1	-0.3401348
G229E	1	0.0003027
G229R	1	-0.0065245
G229S	1	-0.3739357
G229T	1	-0.1382150
G229V	1	-0.1169374
P230A	1	0.0144260
P230C	1	0.1079907
P230D	1	0.0707071
P230E	1	-0.0213409
P230G	1	-0.2390294
P230I	1	-0.1901306
P230K	1	-0.7026597
P230L	1	0.0518440
P230M	1	-0.0924056
P230N	1	-0.2129194
P230R	1	-0.3731998
P230S	1	-0.3041746
P230V	1	-0.0741762
T231A	1	-0.2313639
T231F	1	-0.1085369
T231G	1	-0.2668500
T231I	1	-0.1917714
T231L	1	-0.3174403
T231M	1	-0.0328072
T231N	1	-0.2753978
T231R	1	-0.5303599
T231S	1	0.1246393
T231V	1	-0.2432688
R232G	1	-0.1737311
R232P	1	-0.3174603
R232V	1	-0.0206870
R233G	1	-0.2533255
R233L	1	-0.1265772
R233N	1	-0.1892232
R233S	1	0.0849811
R233V	1	0.0190633
E234A	1	-0.3133090
E234D	1	0.0248695
E234G	1	-0.0433975
E234H	1	-0.1433026
E234L	1	-0.3058524
E234N	1	0.0161455
E234P	1	-0.6336628
E234Q	1	-0.3309073
E234R	1	-0.2385644
E234S	1	0.0658163
E234T	1	-0.1999067
E234V	1	0.0355802
E234W	1	-0.3148024
E234Y	1	-0.3233525
D235A	1	-0.1486591
D235C	1	-0.3755609
D235E	1	0.0252489
D235F	1	-0.4418733
D235G	1	-0.1808311
D235H	1	-0.1613519
D235I	1	-0.4716180
D235L	1	-0.3637099
D235M	1	-0.3604152
D235N	1	-0.2002737
D235P	1	-0.1444572
D235R	1	-0.3783618
D235S	1	-0.2358787
D235T	1	-0.2328101
D235V	1	-0.3955491
K236G	1	-0.1835492
K236I	1	-0.2125257
K236L	1	0.0568581
K236M	1	0.2683152
K236R	1	-0.1977481
K236V	1	-0.2108142
K236W	1	-0.4561136
F237A	1	-0.2653784
F237C	1	0.2016348
F237D	1	-0.3993603
F237G	1	-0.1705035
F237H	1	0.0599874
F237K	1	-0.4156890
F237L	1	-0.1159564
F237M	1	-0.0164314
F237P	1	-0.7392301
F237R	1	-0.1219046
F237T	1	0.0701685
F237V	1	-0.0734739
F237Y	1	-0.0701453
M238C	1	-0.4219304
M238D	1	-0.5931920
M238F	1	-0.3631034
M238G	1	-0.7839435
M238H	1	-0.6712992
M238L	1	0.0745594
M238P	1	-0.7602598
M238R	1	-0.7469049
M238S	1	-0.6387671
M238V	1	-0.3928698
M238W	1	-0.1040310
M238Y	1	-0.3007173
Y239A	1	-0.4069025
Y239C	1	-0.1159989
Y239F	1	-0.3107796
Y239G	1	-0.6081247
Y239I	1	-0.0382829
Y239K	1	-0.4927435
Y239L	1	-0.0421490
Y239P	1	-0.7982090
Y239Q	1	-0.3019040
Y239R	1	-0.6418454
Y239S	1	-0.1346332
Y239T	1	-0.1464208
Y239V	1	-0.2650258
F240A	1	-0.6829439
F240C	1	-0.5625301
F240D	1	-0.7584096
F240G	1	-0.8340465
F240I	1	-0.5742980
F240L	1	-0.7526610
F240M	1	-0.6508410
F240P	1	-0.8403271
F240Q	1	-0.5779619
F240R	1	-0.6867712
F240S	1	-0.7862840
F240V	1	-0.6598235
E241G	1	-0.7339052
F242A	1	-0.7621300
F242C	1	-0.5266399
F242D	1	-0.7812720
F242E	1	-0.7838700
F242G	1	-0.7973679
F242H	1	-0.7453828
F242I	1	-0.2097106
F242K	1	-0.7873116
F242L	1	-0.1880930
F242M	1	-0.1188587
F242N	1	-0.8621665
F242P	1	-0.4567937
F242Q	1	-0.6790249
F242R	1	-0.7138691
F242S	1	-0.7464862
F242T	1	-0.7489962
F242V	1	-0.6024757
F242W	1	-0.4499651
F242Y	1	-0.8041356
P243C	1	-0.5240022
P243D	1	0.0130909
P243E	1	-0.0085691
P243G	1	-0.2416726
P243H	1	-0.1224632
P243I	1	-0.5336315
P243K	1	-0.2319067
P243L	1	-0.5178688
P243M	1	-0.2431211
P243N	1	-0.1107751
P243Q	1	-0.2329061
P243R	1	-0.3128541
P243S	1	0.0284902
P243T	1	-0.3141456
P243V	1	-0.1165155
P243W	1	-0.6654890
Q244A	1	-0.0781893
Q244C	1	-0.2327899
Q244D	1	-0.2523613
Q244E	1	-0.0859312
Q244G	1	-0.2778596
Q244H	1	0.0297593
Q244I	1	-0.4032471
Q244K	1	0.1027905
Q244L	1	-0.4180458
Q244M	1	-0.3832146
Q244P	1	-0.6927831
Q244R	1	-0.2225976
Q244S	1	-0.0414818
Q244T	1	-0.0213454
Q244V	1	-0.2086895
P245A	1	-0.0711824
P245C	1	-0.5900880
P245E	1	-0.7204603
P245G	1	-0.5563425
P245L	1	-0.6653601
P245Q	1	-0.6064849
P245R	1	-0.6605104
P245T	1	-0.7591531
P245V	1	-0.6564801
P245Y	1	-0.2367868
L246E	1	-0.6642645
L246G	1	-0.6332183
L246H	1	-0.7843164
L246P	1	-1.0486040
L246Q	1	-0.5857933
L246S	1	-0.8818165
L246T	1	-0.5151990
P247A	1	0.0590439
P247E	1	-0.0985806
P247G	1	-0.2913080
P247H	1	0.0294318
P247I	1	0.1032778
P247K	1	-0.1234510
P247L	1	-0.1214080
P247M	1	-0.2010351
P247R	1	-0.0038432
P247S	1	-0.0063079
P247T	1	0.0006523
P247V	1	0.0378883
P247Y	1	-0.2078340
V248A	1	-0.5135539
V248C	1	-0.2860669
V248D	1	-0.7640509
V248E	1	-0.7450427
V248F	1	-0.8604776
V248G	1	-0.7650447
V248H	1	-0.4898827
V248I	1	-0.0293415
V248K	1	-0.7338598
V248L	1	-0.3622944
V248M	1	-0.6049292
V248N	1	-0.8190950
V248P	1	-0.8510543
V248Q	1	-0.8146223
V248R	1	-0.6884588
V248S	1	-0.6985502
V248T	1	-0.5934383
V248Y	1	-0.6272827
C249E	1	-0.0440362
C249G	1	-0.4337939
C249S	1	-0.2586507
C249V	1	0.1351607
C249W	1	0.0095987
C249Y	1	-0.1149424
G250A	1	-0.6892053
G250C	1	-1.0413930
G250D	1	-0.7801180
G250E	1	-0.5772507
G250F	1	-0.8332994
G250I	1	-0.6946498
G250K	1	-0.5875496
G250L	1	-0.8395345
G250M	1	-0.6279576
G250N	1	-0.7940031
G250P	1	-0.6794331
G250Q	1	-0.7947319
G250R	1	-0.5525807
G250S	1	-0.6727486
G250T	1	-0.7961477
G250V	1	-0.8471424
G250W	1	-0.7114191
D251A	1	-0.8511054
D251C	1	-0.5860952
D251E	1	-0.7248388
D251F	1	-0.8221789
D251G	1	-0.6400210
D251H	1	-0.7058498
D251I	1	-0.7366236
D251L	1	-0.7670924
D251M	1	-0.8870473
D251N	1	-0.6693236
D251P	1	-0.7713674
D251R	1	-0.7503313
D251S	1	-0.6183584
D251V	1	-0.6863140
I252A	1	-0.7053457
I252C	1	-0.5602482
I252D	1	-0.7398052
I252E	1	-0.6273520
I252F	1	-0.2765110
I252G	1	-0.6526525
I252H	1	-0.7118932
I252K	1	-0.8067555
I252L	1	-0.1302935
I252M	1	-0.2834032
I252P	1	-0.6834328
I252Q	1	-0.6490200
I252R	1	-0.8043403
I252S	1	-0.6959378
I252V	1	-0.0615193
I252W	1	-0.5907452
I252Y	1	-0.6509782
K253C	1	-0.2799600
K253E	1	-0.7206070
K253G	1	-0.5133458
K253H	1	-0.0794367
K253L	1	-0.4304819
K253M	1	-0.5114426
K253N	1	-0.3263203
K253P	1	-0.6750778
K253Q	1	-0.1337220
K253R	1	-0.2306635
K253S	1	-0.4527742
K253T	1	-0.5661029
K253V	1	-0.6290808
V254A	1	-0.6342061
V254D	1	-0.6516266
V254E	1	-0.6457605
V254G	1	-0.6396879
V254K	1	-0.6314343
V254M	1	-0.9928816
V254R	1	-0.7966221
V254T	1	-0.7394140
E255A	1	-0.1742728
E255C	1	-0.3655771
E255F	1	-0.7815312
E255G	1	-0.5733458
E255H	1	-0.5128356
E255K	1	-0.3604290
E255L	1	-0.4929352
E255M	1	-0.2364923
E255R	1	-0.6765610
E255S	1	-0.0004795
E255T	1	-0.1584474
E255V	1	-0.1447530
E255Y	1	-0.5747598
F256A	1	-0.5394640
F256C	1	-0.3976852
F256D	1	-0.6601929
F256E	1	-0.6990004
F256G	1	-0.6312408
F256I	1	-0.5333858
F256K	1	-0.2794810
F256L	1	-0.5209000
F256M	1	-0.4907583
F256P	1	-0.6657282
F256Q	1	-0.7140742
F256R	1	-0.7720082
F256S	1	-0.6081048
F256T	1	-0.7629322
F256V	1	-0.3053120
F256W	1	-0.6529709
F257A	1	-0.5716150
F257E	1	-0.6659161
F257G	1	-0.7654047
F257L	1	-0.4293481
F257P	1	-0.7086071
F257Q	1	-0.7157299
F257R	1	-0.6255516
F257V	1	-0.5976134
F257W	1	0.0547913
H258A	1	-0.3416847
H258D	1	0.0343936
H258E	1	-0.0300825
H258F	1	-0.5243927
H258G	1	-0.5356693
H258K	1	-0.6123948
H258L	1	-0.5197319
H258N	1	-0.4099433
H258P	1	-0.5049293
H258Q	1	-0.6456696
H258R	1	-0.5996256
H258S	1	-0.1684757
H258T	1	-0.1933163
H258V	1	-0.3577870
H258W	1	-0.2361966
K259A	1	0.0406151
K259C	1	0.0455282
K259E	1	-0.2636087
K259G	1	-0.1235938
K259I	1	0.1437377
K259L	1	0.1309047
K259M	1	-0.3763311
K259P	1	-0.2935845
K259Q	1	-0.0058402
K259R	1	-0.0071057
K259S	1	-0.2304942
K259T	1	-0.0277800
K259V	1	-0.0650199
Q260A	1	0.1576624
Q260G	1	-0.0791330
Q260S	1	-0.2718015
Q260V	1	-0.1170017
N261A	1	0.1417696
N261C	1	-0.0147016
N261D	1	0.2054018
N261E	1	-0.1594484
N261G	1	-0.0461465
N261K	1	0.1648886
N261L	1	-0.1477882
N261P	1	-0.1265003
N261R	1	-0.1342502
N261S	1	0.0147658
N261T	1	-0.1415628
N261V	1	-0.1875777
K262A	1	0.0679965
K262C	1	-0.0819644
K262D	1	0.0856650
K262E	1	0.1911258
K262F	1	-0.0488006
K262G	1	-0.0239962
K262H	1	-0.0095106
K262L	1	-0.0931107
K262M	1	-0.0417602
K262N	1	0.0455679
K262P	1	0.1008278
K262Q	1	-0.1209570
K262R	1	-0.0523454
K262S	1	0.0061262
K262T	1	0.0704692
K262V	1	-0.0548651
K262W	1	-0.3930273
K262Y	1	-0.3619347
M263E	1	-0.5533113
M263G	1	0.0754559
L264A	1	0.0546682
L264D	1	-0.0002917
L264F	1	-0.2568676
L264G	1	0.0561361
L264I	1	0.1923239
L264Q	1	0.0842894
L264R	1	-0.3995439
L264V	1	0.0170000
L264Y	1	0.0973940
K265A	1	0.0413736
K265C	1	-0.1181195
K265D	1	-0.0326224
K265E	1	0.0270557
K265F	1	-0.1732327
K265G	1	-0.0416096
K265H	1	0.0236504
K265I	1	-0.2668541
K265L	1	-0.1659352
K265M	1	-0.2650901
K265N	1	-0.0699250
K265P	1	0.0309238
K265Q	1	-0.1228526
K265R	1	-0.0282694
K265S	1	-0.0549203
K265T	1	-0.1275990
K265V	1	-0.1867518
K265W	1	-0.1429515
K265Y	1	-0.1617464
K266N	1	-0.1721150
D267A	1	-0.3874247
D267C	1	-0.3931870
D267E	1	0.0565752
D267F	1	-0.5148787
D267G	1	-0.3381068
D267H	1	-0.1605651
D267I	1	-0.1274895
D267K	1	-0.6712019
D267L	1	-0.0022061
D267M	1	-0.2479505
D267N	1	-0.5140625
D267P	1	-0.4580933
D267Q	1	-0.2826599
D267R	1	-0.4690968
D267S	1	-0.2795186
D267T	1	-0.1505978
D267V	1	-0.1481758
D267W	1	-0.2000499
D267Y	1	0.0122860
K268A	1	-0.3074223
K268C	1	-0.4821493
K268D	1	-0.4148749
K268E	1	-0.2287791
K268F	1	-0.6950300
K268G	1	-0.7245408
K268L	1	-0.4559130
K268M	1	-0.4829805
K268N	1	-0.3453846
K268P	1	-0.3669311
K268Q	1	-0.5111901
K268R	1	-0.2115563
K268S	1	-0.3149329
K268T	1	-0.2114592
K268V	1	-0.3714048
K268W	1	-0.6518616
K268Y	1	-0.4271126
M269A	1	-0.5217674
M269D	1	-0.8679351
M269G	1	-0.6638958
M269I	1	-0.1576364
M269K	1	-0.6981091
M269L	1	-0.0490817
M269N	1	-0.7680329
M269R	1	-0.7188665
M269S	1	-0.7655238
M269T	1	-0.7605558
M269V	1	-0.7693835
F270A	1	-0.5094019
F270C	1	-0.5262333
F270E	1	-0.6369226
F270G	1	-0.6739008
F270I	1	-0.6919940
F270L	1	-0.2831386
F270P	1	-0.7075793
F270Q	1	-0.8397907
F270R	1	-0.7263083
F270S	1	-0.6384895
F270T	1	-0.9582358
F270V	1	-0.7282108
F270Y	1	-0.7010333
H271I	1	-0.7181419
H271K	1	-0.1926293
H271L	1	-0.5808911
H271P	1	-0.5878684
H271R	1	-0.0510726
H271S	1	-0.2625915
H271V	1	-0.3837803
F272A	1	-0.4131568
F272C	1	0.0894259
F272E	1	-0.6472201
F272G	1	-0.6602614
F272I	1	-0.4346886
F272L	1	0.0757836
F272M	1	-0.4353247
F272R	1	-0.8020195
F272S	1	-0.4850231
F272T	1	-0.5279778
F272V	1	-0.3564277
F272W	1	-0.7178236
F272Y	1	-0.7508671
W273A	1	-0.4781715
W273E	1	-0.4888682
W273G	1	-0.7082910
W273K	1	-0.8533602
W273L	1	-0.7070131
W273M	1	-0.7487659
W273P	1	-0.4078871
W273Q	1	-0.6699916
W273R	1	-0.7966800
W273S	1	-0.7323000
W273T	1	-0.6831467
W273V	1	-0.4048834
V274A	1	-0.6671903
V274C	1	-0.2157366
V274D	1	-0.8595159
V274G	1	-0.6786677
V274H	1	-0.6660671
V274L	1	-0.2383473
V274M	1	-0.1346974
V274N	1	-0.5621684
V274P	1	-0.6011309
V274R	1	-0.7670440
V274S	1	-0.7156542
V274T	1	-0.5500317
V274W	1	-0.5385884
N275A	1	-0.6408846
N275G	1	-0.6177304
N275H	1	-0.8222527
N275L	1	-0.5439418
N275Q	1	-0.6497829
N275S	1	-0.7342374
N275T	1	-0.4659228
T276A	1	-0.7345599
T276D	1	-0.7202016
T276F	1	-0.8714329
T276G	1	-0.6835135
T276K	1	-0.6036994
T276L	1	-0.6997331
T276M	1	-0.7150663
T276Q	1	-0.8258412
T276R	1	-0.8214818
T276S	1	-0.4279018
T276V	1	-0.7469689
T276Y	1	-0.9350653
F277A	1	-0.2501774
F277C	1	-0.3849114
F277D	1	-0.7099607
F277E	1	-0.7498741
F277G	1	-0.5412727
F277H	1	-0.4546912
F277K	1	-0.6555265
F277L	1	-0.3073047
F277M	1	0.0250620
F277P	1	-0.8251092
F277Q	1	-0.4711303
F277R	1	-0.4521358
F277S	1	-0.4000730
F277T	1	-0.4160742
F277V	1	-0.6377172
F277W	1	-0.5416466
F277Y	1	-0.1354955
F278A	1	-0.6218197
F278C	1	-0.0739620
F278E	1	-0.8382892
F278G	1	-0.4656050
F278I	1	-0.4544952
F278K	1	-0.4991289
F278M	1	-0.1368878
F278R	1	-0.7620171
F278S	1	-0.8328496
F278T	1	-0.6085067
F278Y	1	-0.3615360
I279A	1	-0.6739041
I279C	1	-0.4843367
I279D	1	-0.6645304
I279E	1	-0.6827905
I279F	1	-0.5082235
I279G	1	-0.7374687
I279K	1	-0.8585526
I279L	1	-0.1873551
I279M	1	-0.2527096
I279P	1	-0.4971084
I279R	1	-0.6495384
I279S	1	-0.3329751
I279V	1	0.0338605
P280A	1	0.1525038
P280C	1	0.0413862
P280D	1	0.0001957
P280E	1	-0.0356399
P280F	1	0.1190432
P280G	1	-0.0244932
P280H	1	0.0005201
P280I	1	0.0609117
P280K	1	0.0180333
P280L	1	0.0401818
P280M	1	0.1204768
P280N	1	0.1070031
P280Q	1	-0.0104924
P280R	1	0.0334999
P280S	1	-0.0882996
P280T	1	0.0108438
P280V	1	0.0028053
P280W	1	-0.1064185
P280Y	1	0.0179952
G281A	1	0.0931615
G281C	1	-0.0528092
G281D	1	0.2075565
G281E	1	-0.0437406
G281F	1	-0.0346651
G281H	1	-0.4129020
G281I	1	-0.0987820
G281K	1	-0.0845847
G281L	1	0.0319357
G281M	1	0.0581909
G281N	1	0.0022826
G281P	1	0.0936814
G281R	1	-0.0785652
G281S	1	0.0336774
G281T	1	0.0448567
G281V	1	-0.1310293
G281W	1	-0.2164747
G281Y	1	0.3642429
E283A	1	0.1355926
E283G	1	0.0770461
E283H	1	-0.2283058
E283I	1	0.0026815
E283K	1	0.0677142
E283L	1	0.0110911
E283M	1	0.1348556
E283N	1	0.0775740
E283P	1	-0.0864292
E283Q	1	-0.0649057
E283R	1	0.0202142
E283S	1	-0.2760326
E283V	1	-0.0595565
E284A	1	-0.1349870
E284C	1	-0.1388987
E284D	1	-0.1139171
E284G	1	-0.0344648
E284L	1	-0.2850946
E284M	1	0.1040151
E284N	1	-0.4709811
E284P	1	-0.0756341
E284R	1	-0.1754404
E284S	1	-0.0487262
E284V	1	-0.0197396
E284W	1	0.1899638
E284Y	1	0.0125418
T285A	1	0.2019864
T285C	1	-0.0207778
T285G	1	0.0887707
T285I	1	-0.4133082
T285V	1	0.0453552
T285Y	1	0.2078820
S286D	1	0.1356373
S286E	1	-0.0855009
S286F	1	0.1542181
S286G	1	-0.1521180
S286H	1	0.1210201
S286I	1	-0.0024789
S286L	1	-0.0225830
S286P	1	0.2162149
S286Q	1	-0.5722395
S286R	1	-0.1061338
S286V	1	0.0730385
S286W	1	0.1152325
E287A	1	-0.2637002
E287C	1	-0.1205208
E287D	1	0.0928342
E287G	1	-0.1224634
E287H	1	0.0646875
E287I	1	-0.0343149
E287L	1	-0.1143362
E287N	1	-0.3073442
E287P	1	-0.0259828
E287Q	1	-0.1667594
E287R	1	-0.0175842
E287T	1	0.1493858
E287V	1	-0.0957191
E287Y	1	0.0950063
K288A	1	-0.0088330
K288D	1	-0.0687999
K288E	1	-0.1081670
K288G	1	-0.2355666
K288N	1	-0.1749212
K288P	1	-0.1795459
K288S	1	-0.6297485
K288T	1	0.0116016
K288V	1	-0.2230959
E290G	1	0.0256178
E290H	1	0.0091849
E290I	1	-0.0095507
E290K	1	-0.0753419
E290L	1	-0.0865829
E290N	1	0.2531615
E290P	1	-0.1236939
E290R	1	0.1510294
E290S	1	-0.5024407
E290Y	1	-0.0152430
N291A	1	0.0923225
N291G	1	-0.2235890
N291I	1	-0.0674734
N291L	1	-0.1965924
N291R	1	0.0528633
N291S	1	0.1348346
G292A	1	0.2678216
G292L	1	0.0545515
G292R	1	0.1695522
G292S	1	0.0301991
G292V	1	-0.0385102
S293A	1	0.0931744
S293C	1	-0.0322763
S293D	1	0.0391743
S293E	1	0.0610274
S293F	1	-0.0177566
S293G	1	0.0668524
S293H	1	0.0388907
S293K	1	-0.0076833
S293L	1	-0.0285233
S293M	1	0.1335974
S293N	1	0.0033315
S293P	1	0.0582714
S293R	1	-0.1171990
S293T	1	-0.0338110
S293V	1	-0.1701735
S293W	1	-0.3201049
S293Y	1	-0.0244903
L294A	1	0.0794865
L294C	1	0.0080620
L294D	1	-0.0442687
L294E	1	0.0052177
L294F	1	-0.0831039
L294G	1	0.0338024
L294H	1	0.1205808
L294I	1	0.0216187
L294K	1	0.0103507
L294M	1	0.1125825
L294N	1	-0.2348004
L294P	1	0.0217572
L294Q	1	0.0473276
L294R	1	0.0010631
L294S	1	-0.0898283
L294T	1	-0.1214043
L294V	1	-0.0910584
L294W	1	-0.3471544
L294Y	1	-0.0481242
C295I	1	0.1270247
C295R	1	-0.1146422
C295T	1	0.0213378
D296F	1	-0.2345263
D296G	1	0.0944645
D296H	1	-0.0707082
D296L	1	0.2695934
D296P	1	-0.0185329
D296V	1	0.0411757
Q297A	1	-0.0416927
Q297C	1	-0.1082136
Q297E	1	-0.4069812
Q297F	1	-0.2843779
Q297G	1	0.0391187
Q297L	1	-0.4274295
Q297M	1	-0.2655766
Q297R	1	0.0689260
Q297S	1	0.0062767
Q297T	1	-0.0460529
Q297V	1	-0.3512333
Q297W	1	0.0102107
E298C	1	0.0042097
E298G	1	0.0373976
E298I	1	-0.0707606
E298K	1	-0.1346346
E298L	1	-0.1874137
E298M	1	-0.1245278
E298R	1	-0.2116420
E298S	1	-0.0683767
E298T	1	-0.2665781
E298V	1	-0.3895061
E298W	1	0.0487621
I299K	1	0.1748070
D300A	1	0.0984443
D300C	1	-0.0744985
D300E	1	-0.0123306
D300F	1	-0.0250155
D300G	1	-0.3036192
D300H	1	-0.0546048
D300I	1	-0.0220512
D300K	1	-0.2090232
D300L	1	0.0066387
D300M	1	-0.9210479
D300N	1	-0.1330784
D300P	1	0.1792570
D300Q	1	-0.1108844
D300R	1	0.0170259
D300S	1	-0.1001080
D300T	1	-0.0785185
D300V	1	0.0202024
D300Y	1	0.0688631
S301A	1	-0.0272997
S301C	1	-0.0645396
S301D	1	-0.1616126
S301E	1	-0.0085220
S301F	1	-0.3589196
S301G	1	-0.0173019
S301H	1	0.1637741
S301I	1	-0.1094447
S301L	1	-0.0423193
S301M	1	-0.1692399
S301N	1	-0.1789750
S301P	1	0.0400590
S301Q	1	0.2171730
S301R	1	0.1441926
S301T	1	0.0131526
S301V	1	-0.2999931
S301W	1	-0.0135226
S301Y	1	-0.0891945
I302F	1	-0.0397924
I302G	1	-0.0700466
I302K	1	-0.4641581
I302L	1	-0.2515282
I302P	1	-0.0737083
I302Q	1	0.0171505
I302R	1	0.0166731
I302S	1	0.0680671
I302T	1	-0.1535491
I302V	1	-0.0410602
I302W	1	-0.0933838
I302Y	1	-0.2206480
C303R	1	-0.0416698
S304A	1	0.1692903
S304C	1	-0.0574537
S304F	1	0.0100363
S304K	1	0.0315881
S304L	1	-0.2934847
S304M	1	-0.2705689
S304P	1	0.1732361
S304R	1	-0.0381118
S304T	1	0.1622864
S304W	1	-0.1924311
I305A	1	-0.1742723
I305C	1	-0.2248158
I305E	1	-0.0026370
I305F	1	-0.2408151
I305G	1	-0.1658504
I305H	1	-0.0804870
I305L	1	-0.0114392
I305P	1	0.0262031
I305S	1	-0.3184712
I305T	1	-0.2865296
I305V	1	-0.0241713
I305Y	1	-0.1452880
E306A	1	-0.2513387
E306G	1	-0.0114151
E306I	1	-0.1237384
E306K	1	0.0228526
E306L	1	-0.4852627
E306M	1	-0.0528404
E306N	1	-0.1201240
E306R	1	-0.1402114
E306S	1	-0.2590180
E306V	1	-0.1499736
E306W	1	0.1326635
R307A	1	-0.0557509
R307G	1	-0.3019473
R307H	1	-0.1033200
R307I	1	-0.0340045
R307K	1	0.1647743
R307L	1	-0.0388839
R307M	1	-0.2568883
R307N	1	0.0755013
R307P	1	0.0627777
R307T	1	0.0064583
R307V	1	-0.1555584
R307W	1	-0.0627288
A308E	1	-0.0434251
A308G	1	0.1780372
A308I	1	0.1532096
A308L	1	-0.2804267
A308N	1	0.0744535
A308P	1	-0.0677963
A308R	1	-0.0057839
A308V	1	-0.1337656
D309E	1	-0.1085031
D309L	1	-0.1815599
D309R	1	0.2641610
D309S	1	0.0877928
N310A	1	-0.2000765
N310C	1	-0.5401600
N310D	1	0.0553918
N310E	1	-0.0329254
N310F	1	-0.0715056
N310G	1	-0.0927700
N310I	1	-0.2857665
N310K	1	-0.0190069
N310L	1	-0.0703722
N310M	1	-0.1040313
N310P	1	-0.2659908
N310R	1	-0.0458510
N310S	1	0.1205760
D311G	1	-0.1429652
D311L	1	-0.1421049
D311P	1	0.1160938
D311R	1	-0.1339294
D311T	1	0.0458324
D311V	1	-0.1490590
D311W	1	-0.0323529
K312F	1	-0.3008610
K312G	1	-0.1215284
K312L	1	-0.0179331
K312P	1	-0.1659590
K312R	1	-0.0675030
K312S	1	0.0555098
K312W	1	0.0592334
E313A	1	-0.2363463
E313G	1	-0.2453007
E313T	1	0.0571765
E313V	1	-0.1378055
Y314A	1	-0.2948209
Y314D	1	-0.3739031
Y314E	1	-0.2758181
Y314G	1	-0.3118780
Y314K	1	-0.1256014
Y314L	1	-0.1841337
Y314M	1	-0.0303589
Y314P	1	-0.1031462
Y314R	1	-0.3131713
Y314T	1	-0.3129130
Y314V	1	-0.0264118
L315A	1	0.0820946
L315C	1	-0.4219941
L315D	1	-0.0479992
L315E	1	-0.1723611
L315F	1	0.2260710
L315G	1	-0.2161535
L315H	1	0.0825248
L315I	1	0.0927730
L315K	1	-0.1951422
L315M	1	0.0628612
L315N	1	-0.1037161
L315P	1	-0.6364715
L315Q	1	0.0944510
L315R	1	-0.0759012
L315S	1	0.0465190
L315T	1	-0.0102202
L315V	1	-0.3013273
L315W	1	-0.1726991
L315Y	1	0.0792063
L317A	1	-0.0139347
L317C	1	0.0232559
L317D	1	-0.7381862
L317E	1	-0.4703406
L317F	1	-0.3074268
L317G	1	-0.5388086
L317M	1	-0.1468203
L317N	1	-0.4185276
L317P	1	-0.6886229
L317Q	1	-0.1462576
L317R	1	-0.3665060
L317S	1	-0.0162190
L317T	1	-0.2672511
L317V	1	-0.0381970
L317W	1	-0.4209359
L317Y	1	-0.0689027
T318A	1	-0.0697382
T318C	1	0.0234253
T318D	1	-0.3055813
T318E	1	0.0025510
T318F	1	-0.4533797
T318G	1	-0.2473970
T318H	1	-0.2733133
T318I	1	-0.1988473
T318K	1	-0.2286615
T318L	1	-0.2248881
T318M	1	0.0451143
T318N	1	-0.2950763
T318P	1	-0.2630663
T318Q	1	-0.0170114
T318R	1	-0.3160527
T318S	1	-0.1048339
T318V	1	-0.0429323
T318W	1	-0.3260722
T318Y	1	-0.3008974
L319A	1	-0.6005066
L319C	1	-0.5820856
L319D	1	-0.6660937
L319E	1	-0.7713410
L319F	1	-0.0708205
L319G	1	-0.5289692
L319I	1	-0.4668066
L319N	1	-0.7431148
L319Q	1	-0.6277526
L319R	1	-0.6159032
L319S	1	-0.7549476
L319V	1	-0.3837813
L319Y	1	-0.4248270
T320A	1	-0.0545647
T320C	1	-0.1177333
T320D	1	-0.2142388
T320E	1	0.2181477
T320F	1	-0.0771347
T320G	1	-0.1421918
T320H	1	0.1741635
T320L	1	0.0462726
T320M	1	-0.2661342
T320N	1	-0.1512905
T320P	1	0.0185218
T320Q	1	0.1743322
T320R	1	0.0630557
T320S	1	-0.3528742
T320V	1	-0.1921241
T320W	1	-0.3883043
T320Y	1	0.0776189
K321A	1	-0.4547754
K321C	1	-0.5932140
K321D	1	-0.4897008
K321E	1	-0.4558167
K321F	1	-0.6820682
K321G	1	-0.5231719
K321H	1	-0.6565325
K321I	1	-0.4728511
K321L	1	-0.2619990
K321M	1	-0.4261717
K321N	1	-0.4225312
K321P	1	-0.5606402
K321Q	1	-0.2653141
K321R	1	-0.2264281
K321S	1	-0.5549901
K321T	1	-0.4611508
K321V	1	-0.3956338
K321W	1	-0.5491073
K321Y	1	-0.6682491
N322A	1	-0.1096850
N322E	1	-0.0319237
N322G	1	0.0448433
N322K	1	0.2596851
N322L	1	0.0098532
N322M	1	-0.0642784
N322P	1	-0.1836756
N322T	1	0.0428759
N322V	1	-0.0887152
L324A	1	-0.7218844
L324D	1	-0.9111125
L324E	1	-0.6685165
L324F	1	-0.6316996
L324G	1	-0.7946362
L324H	1	-0.8533936
L324I	1	-0.4289837
L324K	1	-0.7894266
L324M	1	-0.4220206
L324N	1	-0.7659195
L324P	1	-0.7788296
L324Q	1	-0.7425916
L324R	1	-0.7860045
L324S	1	-0.7451663
L324T	1	-0.6306280
L324V	1	-0.4114988
L324W	1	-0.5726009
L324Y	1	-0.5489420
D325A	1	-0.7121997
D325C	1	-0.7773734
D325E	1	-0.4060418
D325F	1	-0.7949767
D325G	1	-0.7830791
D325H	1	-0.7455948
D325I	1	-0.8850435
D325K	1	-0.7500682
D325L	1	-0.8021136
D325M	1	-0.8299458
D325N	1	-0.6749858
D325P	1	-0.7319494
D325Q	1	-0.8630057
D325R	1	-0.6867656
D325S	1	-0.8173638
D325T	1	-0.7062556
D325V	1	-0.7483503
D325W	1	-0.7844426
D325Y	1	-0.8073225
N328A	1	-0.3098659
N328C	1	-0.4336289
N328D	1	-0.3135675
N328F	1	-0.2706828
N328G	1	-0.4742172
N328L	1	-0.4463104
N328M	1	-0.3867873
N328P	1	-0.3661335
N328R	1	-0.3116779
N328S	1	-0.1495639
N328V	1	-0.2592033
N328W	1	-0.4086324
K329A	1	-0.3228601
K329G	1	-0.3208138
K329I	1	-0.5089781
K329L	1	-0.1890782
K329M	1	-0.2451037
K329N	1	-0.2512324
K329P	1	-0.4848310
K329Q	1	-0.1809881
K329R	1	-0.1296539
K329T	1	-0.2130348
K329V	1	-0.4230881
K329W	1	-0.4874350
K329Y	1	-0.3747936
D330A	1	-0.4672384
D330C	1	-0.6714037
D330E	1	-0.4951541
D330G	1	-0.5346496
D330I	1	-0.5313053
D330K	1	-0.2432548
D330L	1	-0.5212979
D330R	1	-0.4995451
D330S	1	-0.5574213
D330T	1	-0.8702934
D330V	1	-0.5264624
K331A	1	-0.3338910
K331E	1	-0.2828574
K331G	1	-0.2076927
K331L	1	-0.1093201
K331N	1	-0.2870335
K331R	1	-0.0355056
K331S	1	-0.0759168
K331T	1	0.1145657
K331V	1	-0.1512321
K331W	1	-0.0842924
A332D	1	-0.0190070
A332E	1	0.0600361
A332G	1	-0.0784545
A332I	1	-0.1058968
A332L	1	-0.0979498
A332M	1	-0.1139911
A332P	1	-0.3876982
A332Q	1	-0.5557594
A332R	1	-0.4625568
A332S	1	-0.0277823
A332T	1	0.0440941
A332V	1	-0.0061175
N333A	1	-0.1478860
N333D	1	-0.1826728
N333E	1	-0.2104786
N333F	1	-0.3406082
N333G	1	-0.1695422
N333I	1	-0.3597613
N333K	1	-0.4391518
N333L	1	-0.3710389
N333M	1	-0.3336190
N333P	1	-0.5550942
N333Q	1	-0.3919224
N333R	1	-0.4477894
N333S	1	-0.1953553
N333T	1	-0.4962011
N333V	1	-0.4732694
N333W	1	-0.5851239
N333Y	1	-0.3171624
R334E	1	-0.1389615
R334G	1	-0.2655508
R334L	1	-0.0182995
Y335A	1	-0.3354797
F336A	1	-0.6457853
F336C	1	-0.6189935
F336D	1	-0.5957864
F336E	1	-0.7142484
F336G	1	-0.7594509
F336H	1	-0.8748658
F336I	1	-0.5134951
F336K	1	-0.6291068
F336L	1	-0.4163971
F336M	1	-0.5146793
F336N	1	-0.7521046
F336P	1	-0.7440404
F336Q	1	-0.7190634
F336R	1	-0.7748760
F336S	1	-0.6963125
F336T	1	-0.6639674
F336V	1	-0.5237249
F336W	1	-0.7053186
F336Y	1	-0.2954030
P338A	1	-0.0349896
P338D	1	-0.1058199
P338E	1	-0.0561202
P338G	1	-0.2937696
P338H	1	0.0712291
P338I	1	-0.2849202
P338L	1	-0.5054745
P338M	1	-0.3338237
P338N	1	-0.1366699
P338R	1	0.0436281
P338S	1	-0.1795323
P338T	1	-0.2271880
P338V	1	-0.3026012
P338Y	1	-0.4243726
N339A	1	-0.2154475
N339C	1	-0.0985379
N339D	1	-0.0323165
N339E	1	-0.1711743
N339G	1	0.1316933
N339I	1	-0.4376015
N339K	1	-0.0448209
N339L	1	-0.0905543
N339M	1	-0.6469081
N339P	1	-0.5695352
N339R	1	0.0665040
N339S	1	-0.2225070
N339T	1	-0.1095485
N339V	1	-0.2158471
N339W	1	-0.2498795
F340C	1	-0.5403093
F340G	1	-0.7209166
F340L	1	-0.5340041
F340M	1	-0.4331633
F340S	1	-0.8240765
F340V	1	-0.1933933
F340Y	1	-0.5861222
K341A	1	-0.1314805
K341G	1	-0.4931283
K341I	1	-0.4029480
K341L	1	0.1387278
K341N	1	0.0358645
K341Q	1	-0.2512051
K341T	1	-0.0733232
V342A	1	-0.6010259
V342C	1	-0.2026110
V342D	1	-0.6777266
V342E	1	-0.6711317
V342F	1	-0.8461935
V342G	1	-0.7514155
V342H	1	-0.7917445
V342K	1	-0.6112841
V342L	1	-0.0761651
V342N	1	-0.5631723
V342P	1	-0.5338077
V342Q	1	-0.6744057
V342R	1	-0.6864268
V342S	1	-0.6356275
V342T	1	-0.4672841
V342W	1	-0.7876794
V342Y	1	-0.7582063
K343A	1	-0.5576786
K343C	1	-0.1946532
K343D	1	-0.5697509
K343E	1	-0.3536034
K343G	1	-0.2798225
K343H	1	0.0976942
K343I	1	0.1245014
K343L	1	-0.0108878
K343P	1	-0.6933602
K343Q	1	-0.1590637
K343R	1	-0.0386292
K343S	1	-0.0554884
K343T	1	-0.0047637
K343V	1	-0.0131917
K343W	1	-0.1042250
K343Y	1	-0.0179330
L344A	1	-0.1367302
L344D	1	-0.6842509
L344E	1	-0.7095733
L344G	1	-0.2772265
L344K	1	-0.6758183
L344M	1	-0.2816452
L344N	1	-0.3539700
L344P	1	-0.8043221
L344R	1	-0.6463059
L344S	1	-0.1866965
L344T	1	-0.3024872
L344V	1	-0.1065925
L344W	1	-0.6803825
L344Y	1	-0.8300526
Y345A	1	-0.6488250
Y345C	1	-0.4750068
Y345E	1	-0.6985165
Y345G	1	-0.6960293
Y345H	1	-0.5416140
Y345I	1	-0.4662576
Y345K	1	-0.8542818
Y345M	1	-0.5581821
Y345P	1	-0.7567213
Y345Q	1	-0.7402864
Y345R	1	-0.7713505
Y345S	1	-0.4647057
Y345T	1	-0.6186857
Y345V	1	-0.5340173
F346A	1	-0.6691771
F346C	1	-0.5398670
F346G	1	-0.6305162
F346H	1	-0.7559920
F346I	1	-0.7635193
F346K	1	-0.5236204
F346L	1	-0.2969747
F346M	1	-0.5478647
F346N	1	-0.7131935
F346Q	1	-0.7702518
F346R	1	-0.5525335
F346V	1	-0.6744812
F346W	1	-0.5403112
T347D	1	-0.7191580
T347F	1	-0.7130933
T347G	1	-0.4239602
T347H	1	-0.7200325
T347L	1	-0.3299089
T347M	1	-0.2615126
T347P	1	-0.7683240
T347R	1	-0.7448480
T347S	1	0.0890929
T347V	1	-0.6845021
K348C	1	-0.5954375
K348D	1	-0.2552134
K348G	1	-0.0425436
K348H	1	-0.0717397
K348I	1	-0.6398593
K348L	1	-0.5886925
K348M	1	-0.7039801
K348N	1	-0.2455333
K348P	1	-0.2083271
K348R	1	-0.1017552
K348S	1	-0.0210408
K348T	1	-0.0898454
K348V	1	-0.4756721
K348Y	1	-0.3484062
V350A	1	-0.1342088
V350D	1	-0.2551406
V350E	1	0.0200680
V350F	1	-0.0185267
V350G	1	0.0963895
V350H	1	0.1232367
V350I	1	0.1217336
V350K	1	-0.1344153
V350L	1	-0.1954150
V350M	1	0.1622515
V350N	1	-0.0995317
V350P	1	-0.2147332
V350Q	1	0.1680079
V350R	1	-0.3751275
V350S	1	-0.0180888
V350T	1	0.1042320
V350W	1	0.0514608
E351A	1	-0.2146959
E351C	1	-0.4401244
E351D	1	-0.3659813
E351F	1	-0.0855654
E351G	1	0.0864781
E351H	1	-0.0851455
E351I	1	-0.0707944
E351K	1	0.1278513
E351L	1	-0.2668440
E351M	1	-0.0799339
E351N	1	-0.0811239
E351P	1	-0.0328381
E351Q	1	0.0342216
E351R	1	0.0264504
E351S	1	-0.1078593
E351T	1	0.0051715
E351V	1	-0.0590010
E351W	1	-0.3163655
E351Y	1	-0.2255887
P353A	1	0.1018548
P353D	1	-0.0382769
P353E	1	-0.3347911
P353F	1	0.0964869
P353G	1	-0.0843973
P353H	1	-0.0494692
P353I	1	-0.2029682
P353L	1	-0.2772174
P353M	1	-0.2317199
P353Q	1	0.1960480
P353R	1	-0.1460246
P353S	1	-0.2166001
P353T	1	-0.1105836
P353V	1	-0.2808625
P353W	1	-0.1749403
P353Y	1	-0.3767865
S354A	1	0.0635808
S354C	1	0.0132850
S354D	1	0.0434071
S354E	1	-0.2495063
S354G	1	-0.1124189
S354I	1	-0.0882555
S354L	1	-0.0908665
S354P	1	-0.0734782
S354R	1	-0.0802901
S354T	1	-0.1688695
S354W	1	0.2089595
N355E	1	0.0330990
N355R	1	-0.1303248
N355T	1	-0.0787945
P356A	1	-0.1641421
P356G	1	-0.1770489
P356L	1	0.0074466
P356Q	1	-0.5256161
P356R	1	0.0247121
P356S	1	-0.2596099
P356V	1	0.1405005
E357A	1	-0.1657939
E357D	1	-0.2657722
E357F	1	0.3208480
E357G	1	0.0039095
E357H	1	-0.1397905
E357I	1	0.0176514
E357K	1	-0.3474264
E357L	1	0.0057715
E357M	1	0.0887325
E357N	1	-0.6958723
E357P	1	0.0004971
E357R	1	0.0201285
E357S	1	-0.0910301
E357T	1	-0.2079783
E357V	1	-0.0285083
A358C	1	0.0249455
A358D	1	0.0281294
A358E	1	0.0357695
A358F	1	0.0137703
A358G	1	-0.0292209
A358H	1	0.0886604
A358I	1	-0.0296301
A358K	1	-0.2724507
A358L	1	-0.0200526
A358M	1	0.0053132
A358N	1	-0.1225825
A358P	1	-0.0652346
A358Q	1	-0.0580276
A358R	1	-0.0574485
A358S	1	0.0679334
A358T	1	0.0357524
A358V	1	0.0052871
A358W	1	-0.0575666
A358Y	1	0.1333064
S359E	1	0.1427221
S359G	1	-0.0140105
S359K	1	-0.0945436
S359L	1	0.0974300
S359N	1	0.3073428
S359R	1	-0.0104922
S359W	1	0.0820746
S360A	1	0.2212006
S360C	1	-0.1431622
S360F	1	-0.2331360
S360G	1	0.0076354
S360H	1	-0.0223845
S360I	1	0.2148211
S360K	1	0.1032789
S360L	1	-0.0783355
S360M	1	-0.2483253
S360R	1	-0.0374324
S360T	1	0.2056171
S360V	1	-0.0795081
S360W	1	-0.1596048
S361C	1	-0.0990618
S361G	1	-0.0720781
S361L	1	-0.0693062
S361R	1	-0.0456648
S361T	1	0.0360527
S361V	1	-0.0237109
T362C	1	0.2811095
T362E	1	0.1859667
T362F	1	0.0762727
T362G	1	-0.1370638
T362I	1	0.1052983
T362L	1	-0.1040011
T362P	1	-0.1205651
T362R	1	-0.0911460
T362S	1	0.2539061
T362V	1	0.0564553
T362Y	1	0.1756643
S363A	1	-0.3662437
S363D	1	0.1963030
S363E	1	0.2104460
S363G	1	0.1109605
S363H	1	-0.2197657
S363K	1	-0.2388913
S363L	1	0.0416301
S363M	1	-0.0698844
S363P	1	-0.1098235
S363Q	1	0.0621129
S363T	1	0.1627465
S363V	1	-0.2291042
S363Y	1	0.0335903
V364A	1	0.0818557
V364C	1	0.0328603
V364I	1	0.1409143
V364K	1	-0.1446523
V364L	1	-0.1047353
V364P	1	0.1127241
V364R	1	-0.0826515
V364T	1	-0.1858509
V364W	1	-0.1905619
T365D	1	0.2098197
T365E	1	-0.2429214
T365G	1	-0.0505689
T365K	1	-0.3789835
T365L	1	0.0572505
T365R	1	0.0059273
T365S	1	0.0440769
T365V	1	-0.0874277
T365W	1	-0.0458861
T365Y	1	0.0517836
P366A	1	-0.3696173
P366C	1	0.0617833
P366E	1	0.0051649
P366G	1	-0.0601107
P366I	1	-0.2726657
P366L	1	-0.2697036
P366R	1	-0.1576581
P366S	1	-0.1552137
P366T	1	-0.0075240
P366V	1	0.0329288
P366W	1	-0.1587798
D367A	1	0.0391546
D367E	1	0.0030778
D367G	1	-0.1337992
D367H	1	-0.2600135
D367I	1	-0.3398455
D367S	1	-0.2866501
D367V	1	-0.0598836
V368F	1	0.0904849
V368G	1	-0.0253957
V368L	1	-0.2289238
V368M	1	-0.1519102
V368P	1	-0.1123053
V368S	1	-0.6634203
V368T	1	-0.1580950
S369A	1	-0.2963003
S369C	1	-0.3546771
S369F	1	-0.1024059
S369G	1	0.0118941
S369K	1	-0.2445874
S369L	1	-0.0004700
S369M	1	-0.1727383
S369P	1	-0.1937220
S369Q	1	-0.0145298
S369R	1	-0.1233356
S369T	1	-0.1336673
S369V	1	-0.1464748
D370A	1	-0.2178559
D370G	1	-0.0899932
D370L	1	-0.3751660
D370M	1	-0.3235660
D370R	1	-0.5508196
D370S	1	-0.1028010
D370T	1	-0.0206572
D370V	1	0.0793282
N371A	1	0.0591354
N371I	1	-0.3783415
N371L	1	0.0227543
N371R	1	-0.3878423
N371S	1	0.0794416
N371T	1	0.0304156
N371V	1	-0.2302325
N371W	1	-0.2703310
N371Y	1	-0.0260166
E372A	1	-0.2053416
E372C	1	-0.3866127
E372D	1	0.0650358
E372F	1	-0.2333395
E372G	1	-0.5087516
E372H	1	-0.4016114
E372I	1	-0.1837688
E372K	1	-0.2460693
E372L	1	-0.1635649
E372M	1	-0.0601993
E372N	1	-0.2308817
E372P	1	-0.2327950
E372Q	1	-0.0426311
E372R	1	-0.3342639
E372S	1	-0.0257859
E372T	1	-0.0668970
E372V	1	-0.0637573
E372W	1	-0.2835705
E372Y	1	-0.0602192
D374A	1	-0.2676099
D374C	1	-0.2086579
D374E	1	-0.0344980
D374F	1	-0.3162941
D374G	1	-0.3856346
D374H	1	-0.3412294
D374I	1	-0.2448883
D374K	1	-0.2363682
D374L	1	-0.3676282
D374M	1	-0.3576330
D374N	1	-0.3714687
D374P	1	-0.0696463
D374Q	1	-0.2194368
D374R	1	-0.4240501
D374S	1	-0.1621271
D374T	1	-0.3720906
D374V	1	-0.4040021
D374W	1	-0.3262912
D374Y	1	-0.2677190
H375A	1	-0.0787041
H375D	1	0.0640860
H375E	1	0.3228122
H375F	1	0.1696779
H375G	1	0.0101205
H375I	1	-0.0138948
H375K	1	-0.1836915
H375L	1	-0.2097711
H375M	1	-0.1821633
H375P	1	-0.2174781
H375R	1	-0.1279865
H375T	1	0.0471623
H375V	1	0.1140996
H375W	1	-0.0146910
H375Y	1	-0.2732889
Y376A	1	-0.3988648
Y376C	1	-0.4098834
Y376D	1	-0.0980095
Y376E	1	-0.4169176
Y376F	1	-0.3168150
Y376G	1	-0.4169346
Y376H	1	-0.1853549
Y376I	1	-0.4053412
Y376K	1	-0.2562275
Y376L	1	-0.4553656
Y376M	1	-0.5200838
Y376N	1	-0.4500574
Y376P	1	-0.4599069
Y376Q	1	-0.2887304
Y376R	1	-0.4437117
Y376S	1	-0.4181454
Y376T	1	-0.3113355
Y376W	1	-0.2008331
R377A	1	-0.1398969
R377C	1	-0.1468103
R377D	1	-0.1638502
R377E	1	-0.0821831
R377F	1	-0.1509231
R377G	1	-0.2636990
R377H	1	0.0763763
R377I	1	-0.1735228
R377K	1	-0.2729872
R377L	1	-0.2410666
R377M	1	-0.2327209
R377N	1	0.0430237
R377P	1	-0.2821374
R377Q	1	-0.0831605
R377S	1	-0.1520771
R377T	1	-0.1227433
R377V	1	-0.2127940
R377W	1	-0.2003163
R377Y	1	-0.1756706
Y378A	1	-0.3649449
Y378D	1	-0.3513953
Y378G	1	-0.3450987
Y378L	1	-0.3369317
Y378M	1	-0.1120345
Y378P	1	-0.4657279
Y378R	1	-0.2565517
S379Q	1	-0.6986647
T382A	1	-0.6450527
T382D	1	-0.4260093
T382E	1	-0.3079696
T382F	1	-0.5524389
T382G	1	-0.1949327
T382H	1	-0.4207194
T382I	1	-0.3387450
T382L	1	-0.4198595
T382N	1	-0.8264159
T382P	1	-0.4566531
T382Q	1	-0.3319504
T382R	1	-0.4908992
T382S	1	-0.0013946
T382V	1	-0.5325217
T382W	1	-0.1740617
T382Y	1	-0.4581344
D383A	1	-0.1060896
D383C	1	-0.2931219
D383E	1	-0.1073278
D383F	1	-0.3755666
D383G	1	-0.1676724
D383H	1	-0.3333787
D383I	1	-0.2467660
D383L	1	-0.2893856
D383M	1	-0.3850865
D383N	1	0.1058087
D383P	1	-0.5532387
D383Q	1	-0.1150758
D383R	1	-0.3471743
D383S	1	-0.1236548
D383T	1	-0.2127722
D383V	1	-0.2226714
D383W	1	-0.3464450
D383Y	1	-0.3955170
S384A	1	-0.3823407
S384C	1	-0.3167397
S384D	1	-0.1219540
S384E	1	-0.0583428
S384F	1	-0.5130660
S384G	1	-0.3167360
S384H	1	-0.5244768
S384I	1	-0.5235959
S384K	1	-0.4539868
S384L	1	-0.4756738
S384M	1	-0.4407293
S384N	1	-0.2946565
S384P	1	-0.2688622
S384Q	1	-0.4788338
S384R	1	-0.5259656
S384T	1	-0.0082437
S384V	1	-0.4215758
S384W	1	-0.5075584
S384Y	1	-0.4153762
D385A	1	-0.5812227
D385C	1	-0.1808369
D385E	1	0.0163084
D385F	1	-0.4417517
D385G	1	-0.2331126
D385H	1	-0.4755560
D385I	1	-0.3595030
D385L	1	-0.2017348
D385P	1	-0.4145793
D385Q	1	-0.3037454
D385R	1	-0.5574912
D385S	1	-0.0572797
D385T	1	-0.5693698
D385V	1	-0.1286622
P386A	1	0.0334002
P386C	1	-0.0173548
P386D	1	0.2053902
P386E	1	-0.1531566
P386F	1	0.0404057
P386G	1	-0.0132100
P386I	1	-0.2778518
P386K	1	0.0077412
P386L	1	-0.0282403
P386Q	1	0.0348141
P386R	1	-0.0143742
P386S	1	-0.0290239
P386T	1	-0.2363181
P386V	1	-0.2490108
P386W	1	-0.0189172
P386Y	1	-0.0965917
E387F	1	-0.5019548
E387G	1	-0.5004878
E387L	1	-0.4776846
E387Q	1	-0.3796497
E387R	1	-0.6189090
E387S	1	-0.5158429
E387T	1	-0.3391388
N388A	1	-0.1150100
N388C	1	-0.3471034
N388D	1	0.0134706
N388F	1	-0.0484240
N388G	1	-0.3214976
N388H	1	-0.0437614
N388I	1	0.0027471
N388L	1	0.1336822
N388P	1	-0.0432465
N388Q	1	0.0347795
N388R	1	-0.0933184
N388T	1	-0.0124896
N388V	1	-0.0289701
N388W	1	-0.1066724
N388Y	1	0.0685662
E389A	1	-0.2113961
E389F	1	-0.2447814
E389G	1	-0.1763726
E389K	1	0.2370955
E389L	1	-0.0948006
E389M	1	-0.4947411
E389T	1	-0.4183640
E389V	1	0.1139160
E389Y	1	-0.3314493
P390A	1	-0.1209145
P390C	1	0.1192157
P390G	1	-0.1344783
P390I	1	-0.1769878
P390K	1	0.1561466
P390L	1	-0.2039701
P390M	1	0.0599181
P390R	1	0.0156440
P390S	1	-0.1099598
P390T	1	-0.1408677
P390V	1	-0.1322890
P390W	1	-0.0997824
F391A	1	-0.0800717
F391C	1	0.1219810
F391E	1	0.2531233
F391G	1	-0.0441389
F391K	1	0.2243121
F391N	1	-0.1316693
F391P	1	0.0801907
D392A	1	0.1080683
D392C	1	-0.3435278
D392E	1	0.0559623
D392F	1	-0.1478818
D392G	1	-0.1065115
D392I	1	0.1409829
D392K	1	0.0939642
D392L	1	-0.1270735
D392M	1	-0.2333454
D392N	1	-0.1099824
D392P	1	-0.3177589
D392R	1	-0.0297719
D392S	1	0.0209199
D392T	1	-0.0924268
D392V	1	-0.0513379
D392W	1	-0.0237437
D392Y	1	0.1976073
E393A	1	-0.0682012
E393C	1	-0.4445079
E393G	1	-0.1183192
E393I	1	-0.0701070
E393K	1	-0.0872759
E393L	1	-0.2364419
E393M	1	-0.1183500
E393P	1	0.0005748
E393R	1	-0.2142747
E393S	1	-0.1404087
E393T	1	-0.0792868
E393V	1	0.0413767
E393W	1	0.1065020
E393Y	1	-0.3687455
D394A	1	0.0378414
D394C	1	0.0861990
D394E	1	-0.1162626
D394G	1	-0.2103724
D394H	1	0.1214017
D394K	1	0.1408494
D394L	1	-0.0692762
D394M	1	-0.0830164
D394N	1	-0.7888151
D394R	1	-0.1911375
D394S	1	-0.2737997
D394T	1	0.0486080
D394V	1	-0.1286938
D394W	1	0.1643354
D394Y	1	-0.0802228
Q395A	1	0.1235655
Q395C	1	-0.4020684
Q395E	1	-0.0333216
Q395G	1	-0.0211449
Q395K	1	-0.1749662
Q395L	1	-0.1470180
Q395M	1	0.0668705
Q395P	1	-0.2040863
Q395R	1	-0.2370560
Q395S	1	-0.1523469
Q395T	1	-0.1060316
Q395V	1	-0.1558484
Q395W	1	-0.0515108
Q395Y	1	-0.0331526
H396A	1	0.0545843
H396C	1	-0.0566056
H396D	1	-0.1561904
H396E	1	-0.4190884
H396F	1	0.0101068
H396G	1	-0.0340157
H396I	1	-0.0716737
H396K	1	0.0225587
H396L	1	0.0144598
H396M	1	-0.1762336
H396N	1	-0.0308926
H396P	1	-0.0735123
H396Q	1	-0.1719051
H396R	1	-0.0580322
H396S	1	0.0470916
H396T	1	0.0868008
H396V	1	0.0135623
H396Y	1	-0.0714010
T397A	1	-0.2888942
T397D	1	-0.0877054
T397E	1	-0.0485772
T397G	1	-0.1057457
T397K	1	0.0894547
T397L	1	-0.0357401
T397M	1	0.0135029
T397N	1	-0.3245144
T397P	1	0.0049509
T397R	1	0.0737226
T397S	1	-0.0019902
T397V	1	-0.0294768
Q398A	1	-0.0060071
Q398D	1	0.0713427
Q398E	1	0.0276636
Q398G	1	-0.0693503
Q398H	1	-0.0143687
Q398L	1	0.0969689
Q398M	1	0.0272685
Q398P	1	0.0292399
Q398R	1	-0.1443510
Q398S	1	0.0863373
Q398T	1	0.0835340
Q398V	1	-0.0272747
Q398Y	1	-0.3895822
I399A	1	0.0402323
I399D	1	-0.5670147
I399E	1	-0.1689873
I399G	1	0.0335784
I399H	1	0.0858954
I399K	1	0.1762767
I399M	1	0.0244335
I399N	1	-0.0088657
I399P	1	-0.0866218
I399R	1	-0.1054032
I399S	1	-0.0761060
I399T	1	-0.1663308
I399V	1	-0.0368256
I399W	1	-0.0712396
I399Y	1	0.0713600
T400A	1	-0.0881801
T400C	1	0.0361349
T400D	1	-0.0722803
T400E	1	-0.0636364
T400F	1	0.0721121
T400G	1	-0.1108984
T400I	1	-0.2087273
T400K	1	-0.3656962
T400L	1	-0.0914105
T400M	1	-0.0305019
T400N	1	0.1975533
T400P	1	0.2337860
T400R	1	-0.1122158
T400S	1	-0.1342470
T400V	1	-0.0773188
K401A	1	0.0245378
K401C	1	0.0457919
K401D	1	-0.3338067
K401E	1	-0.0838038
K401F	1	-0.2367766
K401G	1	0.0961224
K401I	1	0.0802010
K401L	1	-0.0370597
K401M	1	0.1114418
K401N	1	0.0830852
K401P	1	0.0878234
K401R	1	-0.0056728
K401S	1	-0.0063620
K401T	1	-0.0596779
K401V	1	-0.1797163
K401Y	1	-0.2940671
V402A	1	0.1204011
V402E	1	-0.2959865
V402G	1	0.0809730
V402I	1	0.0265901
V402K	1	-0.2302085
V402N	1	-0.0805928
V402P	1	0.2257247
V402R	1	-0.0313752
V402S	1	0.0611129
V402T	1	-0.1335239
V402Y	1	0.1798721
